pool_id,character_id,item_id,deal_type,item_role,requested_item_tags,offered_item_tags,chance_weight,ask_price_multiplier,cash_adjustment_min,cash_adjustment_max,condition_override,risk_note,notes
crackhead_fake_chain,street-crackhead,fake_gold_chain,sell_to_shop,npc_offers,,"fake, suspicious, jewelry",8,0.4,0,0,,Scam risk +1,Cheap fake jewelry with confidence problems.
crackhead_locked_watch,street-crackhead,smart_watch_locked,sell_to_shop,npc_offers,,"electronics, suspicious",7,0.5,0,0,,Cop risk +1,Locked device. Comes with a story that loses signal.
crackhead_mystery_trade,street-crackhead,sealed_mystery_box,trade,npc_offers,"electronics, junk, mystery","mystery, suspicious",6,0.75,-20,20,unknown,Random scam/cop risk,Trades a bad box for something easier to fence.
bum_microwave,street-bum,microwave_haunted,sell_to_shop,npc_offers,,"junk, broken, cursed",8,0.45,0,0,poor,Low scam risk,It hums because something in it gave up.
bum_dvd_stack,street-bum,dvd_stack,sell_to_shop,npc_offers,,"junk, collectible",9,0.35,0,0,used,Low risk,Mostly DVDs from gas stations that went bankrupt.
bum_junk_trade,street-bum,silverware_bundle,trade,npc_offers,"junk, electronics, appliance","possibly_fake, suspicious",5,0.65,-5,10,questionable,Scam risk +1,A shoelace bundle of questionable silverware for shop junk.
hitman_buys_weapon,service-hitman,rusty_revolver_prop,buy_from_shop,npc_requests,"weapon, hot, suspicious",,5,1.2,0,0,,Cop/thug risk if suspicious,He does not ask whether it works. That is worse.
hitman_knife_trade,service-hitman,pocket_knife,trade,npc_offers,"weapon, luxury, electronics",weapon,5,0.9,-10,35,used,Thug risk +2 if refused badly,Trade math happens quietly. Too quietly.
hitman_prop_revolver,service-hitman,rusty_revolver_prop,sell_to_shop,npc_offers,,"weapon, suspicious, hot",3,0.65,0,0,questionable,Cop risk +3; thug risk +1,Probably a prop. Probably is not a business plan.
junkie_vcr,street-junkie,hospital_vcr,sell_to_shop,npc_offers,,"electronics, hot, suspicious",6,0.55,0,0,questionable,Cop risk +1,Still has hospital tape. The hospital would like that back.
junkie_mystery_box,street-junkie,sealed_mystery_box,sell_to_shop,npc_offers,,"mystery, suspicious",8,0.65,0,0,unknown,Random scam/cop risk,Box rattles like a lawsuit.
junkie_weird_trade,street-junkie,cracked_tablet,trade,npc_offers,"mystery, electronics, junk","broken, electronics",6,0.6,-15,25,poor,Scam risk +1,Trades broken electronics for anything that looks easier to carry.
tracksuit_knife,tracksuit-thug-vincent,pocket_knife,trade,npc_offers,"weapon, luxury, electronics",weapon,5,0.8,-20,25,,Thug risk +2 if refused badly,Danger customer.
tracksuit_prop_revolver,tracksuit-thug-vincent,rusty_revolver_prop,sell_to_shop,npc_offers,,"weapon, suspicious, hot",3,0.5,0,0,,Cop risk +3; thug risk +2,"High heat, dumb money."
tracksuit_buys_hot,tracksuit-thug-vincent,suspicious_gold_watch,buy_from_shop,npc_requests,"weapon, luxury, hot",,3,0.9,0,0,,Thug risk if insulted,Buys dangerous or flashy stuff.
regular_mr_seventies_buys_luxury,regular-mr-seventies,gold_ring_engravings,buy_from_shop,npc_requests,"luxury, jewelry, collectible",,5,1.05,0,0,,Low cop risk; scam risk if misrepresented,Pays for visible status and questionable history.
regular_business_drunk_sunglasses,regular-business-drunk,designer_sunglasses,sell_to_shop,npc_offers,,"luxury, portable",5,0.68,0,0,used,Low risk,Insists they were for client meetings.
regular_business_drunk_buys_speaker,regular-business-drunk,bluetooth_speaker,buy_from_shop,npc_requests,"electronics, portable, luxury",,6,1.02,0,0,,Low risk,Wants something loud enough to make Monday negotiable.
regular_business_drunk_watch_trade,regular-business-drunk,designer_sunglasses,trade,npc_offers,"electronics, watch, luxury","luxury, portable",3,0.95,-10,25,used,Low scam risk,Calls sunglasses a business accessory.
regular_mrs_tourist_bracelet,regular-mrs-tourist,gold_bracelet,sell_to_shop,npc_offers,,"jewelry, luxury",4,0.74,0,0,good,Low risk,Says it no longer matches the vacation mood or the credit-card statement.
regular_mrs_tourist_buys_sunglasses,regular-mrs-tourist,designer_sunglasses,buy_from_shop,npc_requests,"luxury, portable",,5,1.06,0,0,,Low risk,Wants designer shade for sightseeing and financial denial.
regular_tim_lee_laptop,regular-tim-lee,budget_laptop,sell_to_shop,npc_offers,,"electronics, practical",5,0.70,0,0,used,Low risk,Works fine except for the fan sounding legally upset.
regular_tim_lee_buys_console,regular-tim-lee,game_console,buy_from_shop,npc_requests,"console, electronics, popular",,4,1.04,0,0,,Low risk,Needs a console before adulthood notices the receipt.
regular_tim_lee_drill_trade,regular-tim-lee,cordless_drill,trade,npc_offers,"electronics, computer, console, tool, practical","tool, repairable",4,0.86,-10,22,used,Low risk,A drill for whatever shelf item feels easier to explain.
hustler_shorty_locked_watch,hustler-shorty,smart_watch_locked,sell_to_shop,npc_offers,,"electronics, suspicious",6.9,0.65,0,0,questionable,Cop risk +1; scam risk +1,The lock screen belongs to somebody with a different name.
hustler_shorty_buys_watch,hustler-shorty,suspicious_gold_watch,buy_from_shop,npc_requests,"luxury, hot, suspicious",,6.9,1.10,0,0,,Thug risk if insulted,Likes merchandise that looks expensive from across a parking lot.
hustler_shorty_figure_trade,hustler-shorty,rare_action_figure,trade,npc_offers,"electronics, luxury, collectible","collectible, rare, broken",4.6,0.85,-15,30,used,Scam risk +1; thug risk +1 on bad refusal,Calls it mint while holding it by the head.
hustler_sista_locked_watch,hustler-cool-j,smart_watch_locked,sell_to_shop,npc_offers,,"electronics, suspicious",6.9,0.65,0,0,questionable,Cop risk +1; scam risk +1,The lock screen belongs to somebody with a different name.
hustler_sista_buys_watch,hustler-cool-j,suspicious_gold_watch,buy_from_shop,npc_requests,"luxury, hot, suspicious",,6.9,1.10,0,0,,Thug risk if insulted,Likes merchandise that looks expensive from across a parking lot.
hustler_sista_figure_trade,hustler-cool-j,rare_action_figure,trade,npc_offers,"electronics, luxury, collectible","collectible, rare, broken",4.6,0.85,-15,30,used,Scam risk +1; thug risk +1 on bad refusal,Calls it mint while holding it by the head.
hustler_kangol_locked_watch,hustler-kangol,smart_watch_locked,sell_to_shop,npc_offers,,"electronics, suspicious",6.9,0.65,0,0,questionable,Cop risk +1; scam risk +1,The lock screen belongs to somebody with a different name.
hustler_kangol_buys_watch,hustler-kangol,suspicious_gold_watch,buy_from_shop,npc_requests,"luxury, hot, suspicious",,6.9,1.10,0,0,,Thug risk if insulted,Likes merchandise that looks expensive from across a parking lot.
hustler_kangol_figure_trade,hustler-kangol,rare_action_figure,trade,npc_offers,"electronics, luxury, collectible","collectible, rare, broken",4.6,0.85,-15,30,used,Scam risk +1; thug risk +1 on bad refusal,Calls it mint while holding it by the head.
tracksuit_legs_locked_watch,tracksuit-legs,smart_watch_locked,sell_to_shop,npc_offers,,"electronics, suspicious",6.9,0.65,0,0,questionable,Cop risk +1; scam risk +1,The lock screen belongs to somebody with a different name.
tracksuit_legs_buys_watch,tracksuit-legs,suspicious_gold_watch,buy_from_shop,npc_requests,"luxury, hot, suspicious",,6.9,1.10,0,0,,Thug risk if insulted,Likes merchandise that looks expensive from across a parking lot.
tracksuit_legs_figure_trade,tracksuit-legs,rare_action_figure,trade,npc_offers,"electronics, luxury, collectible","collectible, rare, broken",4.6,0.85,-15,30,used,Scam risk +1; thug risk +1 on bad refusal,Calls it mint while holding it by the head.
tracksuit_slim_locked_watch,tracksuit-slim,smart_watch_locked,sell_to_shop,npc_offers,,"electronics, suspicious",6.9,0.65,0,0,questionable,Cop risk +1; scam risk +1,The lock screen belongs to somebody with a different name.
tracksuit_slim_buys_watch,tracksuit-slim,suspicious_gold_watch,buy_from_shop,npc_requests,"luxury, hot, suspicious",,6.9,1.10,0,0,,Thug risk if insulted,Likes merchandise that looks expensive from across a parking lot.
tracksuit_slim_figure_trade,tracksuit-slim,rare_action_figure,trade,npc_offers,"electronics, luxury, collectible","collectible, rare, broken",4.6,0.85,-15,30,used,Scam risk +1; thug risk +1 on bad refusal,Calls it mint while holding it by the head.
senior_grandpa_catfish_drill,regular-grandpa-catfish,cordless_drill,sell_to_shop,npc_offers,,"tool, repairable",6,0.70,0,0,used,Low risk,Says it only needs a battery and optimism.
senior_grandpa_catfish_vcr,regular-grandpa-catfish,hospital_vcr,sell_to_shop,npc_offers,,"electronics, suspicious",4,0.60,0,0,questionable,Cop risk +1,Claims the tape came with the machine and the machine came with the story.
senior_grandpa_catfish_tool_trade,regular-grandpa-catfish,socket_set,trade,npc_offers,"tool, electronics, appliance","tool, practical",3,0.85,-10,20,used,Low risk,Mostly complete tools for mostly reasonable shelf goods.
regular_salaryman_watch,money-salaryman,automatic_watch,sell_to_shop,npc_offers,,"watch, luxury, collectible",4,0.66,0,0,excellent,Low risk; scam risk if authenticity lied about,Says the watch is too accurate for his current life.
regular_salaryman_buys_laptop,money-salaryman,budget_laptop,buy_from_shop,npc_requests,"computer, electronics, practical",,5,1.05,0,0,,Low risk,Needs a laptop that can survive spreadsheets and resentment.
regular_salaryman_guitar_trade,money-salaryman,pawn_shop_guitar,trade,npc_offers,"watch, electronics, computer, instrument, luxury","instrument, repairable",3,0.88,-15,28,poor,Low risk,Offers a guitar from a hobby that lost to overtime.
money_devon_earrings,money-devon-dollars,diamond_stud_earrings,sell_to_shop,npc_offers,,"jewelry, luxury",4,0.78,0,0,good,Low risk; scam risk if authenticity lied about,Legitimate sparkle with a very loud asking price.
money_devon_buys_watch,money-devon-dollars,automatic_watch,buy_from_shop,npc_requests,"watch, luxury, collectible",,5,1.12,0,0,,Low risk,Wants a watch that looks expensive without explaining itself.
money_devon_pc_trade,money-devon-dollars,old_gaming_pc,trade,npc_offers,"watch, jewelry, luxury, electronics, computer","electronics, repairable",3,0.92,-25,45,used,Low risk,Trades a gaming PC for shelf status.
money_brad_handbag,money-douche-brad,luxury_handbag_fake,sell_to_shop,npc_offers,,"luxury, possibly_fake",5,0.62,0,0,questionable,Scam risk +1,A fake designer bag carried with real confidence.
money_brad_buys_sunglasses,money-douche-brad,designer_sunglasses,buy_from_shop,npc_requests,"luxury, portable",,5,1.08,0,0,,Low risk,Wants designer sunglasses loud enough to count as personality.
money_brad_watch_trade,money-douche-brad,suspicious_gold_watch,trade,npc_offers,"luxury, electronics, collectible","watch, luxury, suspicious",4,0.84,-20,35,questionable,Cop risk +1; scam risk +1,Trades a questionable watch for anything shinier.
vice_arty_mystery_box,vice-addict-arty,sealed_mystery_box,sell_to_shop,npc_offers,,"mystery, suspicious",7,0.62,0,0,unknown,Random scam/cop risk,The box has a rattle and a bad alibi.
vice_arty_watch_trade,vice-addict-arty,smart_watch_locked,trade,npc_offers,"electronics, junk, mystery","electronics, suspicious",5,0.68,-18,22,questionable,Cop risk +1; scam risk +1,Trades a locked watch for something with fewer questions.
vice_carlo_bike_wheel,vice-clepto-carlo,stolen_bike_wheel,sell_to_shop,npc_offers,,"stolen, hot, suspicious",7,0.48,0,0,good,Cop risk +2,A single bike wheel with a whole-bike problem.
vice_carlo_buys_phone,vice-clepto-carlo,used_smartphone,buy_from_shop,npc_requests,"electronics, portable",,4,0.95,0,0,,Low risk; cop risk if hot substitute,Needs a phone that does not remember him.
vice_danny_locked_watch,vice-dealer-danny,smart_watch_locked,sell_to_shop,npc_offers,,"electronics, suspicious",6,0.60,0,0,questionable,Cop risk +1; scam risk +1,The watch is locked and Danny is offended by follow-up questions.
vice_danny_buys_knife,vice-dealer-danny,pocket_knife,buy_from_shop,npc_requests,"weapon, suspicious",,4,1.00,0,0,,Cop/thug risk if suspicious,Wants something small sharp and deniable.
vice_pete_buys_dvds,vice-pervert-pete,dvd_stack,buy_from_shop,npc_requests,"junk, collectible",,6,0.86,0,0,,Low risk,Buys low-rent media without asking for titles.
street_crackhead_sells_microwave_haunted,street-crackhead,microwave_haunted,sell_to_shop,npc_offers,,"appliance, junk, broken, cursed",8,0.4,0,0,,Scam risk +1,Cheap fake jewelry with confidence problems.
street_crackhead_sells_suspicious_gold_watch,street-crackhead,suspicious_gold_watch,sell_to_shop,npc_offers,,"watch, possibly_fake, luxury, suspicious",8,0.4,0,0,,Scam risk +1,Cheap fake jewelry with confidence problems.
street_crackhead_sells_old_gaming_pc,street-crackhead,old_gaming_pc,sell_to_shop,npc_offers,,"computer, electronics, repairable",8,0.4,0,0,,Scam risk +1,Cheap fake jewelry with confidence problems.
street_crackhead_sells_hospital_vcr,street-crackhead,hospital_vcr,sell_to_shop,npc_offers,,"electronics, hot, suspicious",8,0.4,0,0,,Scam risk +1,Cheap fake jewelry with confidence problems.
street_crackhead_sells_cracked_tablet,street-crackhead,cracked_tablet,sell_to_shop,npc_offers,,"electronics, broken",8,0.4,0,0,,Scam risk +1,Cheap fake jewelry with confidence problems.
street_crackhead_sells_cordless_drill,street-crackhead,cordless_drill,sell_to_shop,npc_offers,,"tool, repairable",8,0.4,0,0,,Scam risk +1,Cheap fake jewelry with confidence problems.
street_crackhead_sells_pawn_shop_guitar,street-crackhead,pawn_shop_guitar,sell_to_shop,npc_offers,,"instrument, repairable",8,0.4,0,0,,Scam risk +1,Cheap fake jewelry with confidence problems.
street_crackhead_sells_gold_ring_engravings,street-crackhead,gold_ring_engravings,sell_to_shop,npc_offers,,"jewelry, luxury, suspicious",8,0.4,0,0,,Scam risk +1,Cheap fake jewelry with confidence problems.
street_crackhead_sells_baseball_card_box,street-crackhead,baseball_card_box,sell_to_shop,npc_offers,,"collectible, mystery",8,0.4,0,0,,Scam risk +1,Cheap fake jewelry with confidence problems.
street_crackhead_sells_rare_action_figure,street-crackhead,rare_action_figure,sell_to_shop,npc_offers,,"collectible, rare, broken",8,0.4,0,0,,Scam risk +1,Cheap fake jewelry with confidence problems.
street_crackhead_sells_luxury_handbag_fake,street-crackhead,luxury_handbag_fake,sell_to_shop,npc_offers,,"luxury, possibly_fake",8,0.4,0,0,,Scam risk +1,Cheap fake jewelry with confidence problems.
street_crackhead_sells_sealed_mystery_box,street-crackhead,sealed_mystery_box,sell_to_shop,npc_offers,,"mystery, suspicious",8,0.4,0,0,,Scam risk +1,Cheap fake jewelry with confidence problems.
street_crackhead_sells_stolen_bike_wheel,street-crackhead,stolen_bike_wheel,sell_to_shop,npc_offers,,"tool, stolen, hot, suspicious",8,0.4,0,0,,Scam risk +1,Cheap fake jewelry with confidence problems.
street_crackhead_sells_dvd_stack,street-crackhead,dvd_stack,sell_to_shop,npc_offers,,"collectible, junk",8,0.4,0,0,,Scam risk +1,Cheap fake jewelry with confidence problems.
street_crackhead_sells_silverware_bundle,street-crackhead,silverware_bundle,sell_to_shop,npc_offers,,"jewelry, possibly_fake, suspicious",8,0.4,0,0,,Scam risk +1,Cheap fake jewelry with confidence problems.
street_crackhead_sells_countertop_blender,street-crackhead,countertop_blender,sell_to_shop,npc_offers,,"appliance, practical",8,0.4,0,0,,Scam risk +1,Cheap fake jewelry with confidence problems.
street_crackhead_sells_air_fryer,street-crackhead,air_fryer,sell_to_shop,npc_offers,,"appliance, practical",8,0.4,0,0,,Scam risk +1,Cheap fake jewelry with confidence problems.
street_crackhead_sells_shop_vac,street-crackhead,shop_vac,sell_to_shop,npc_offers,,"appliance, practical, repairable",8,0.4,0,0,,Scam risk +1,Cheap fake jewelry with confidence problems.
street_crackhead_sells_bluetooth_speaker,street-crackhead,bluetooth_speaker,sell_to_shop,npc_offers,,"electronics, portable",8,0.4,0,0,,Scam risk +1,Cheap fake jewelry with confidence problems.
street_crackhead_sells_game_console,street-crackhead,game_console,sell_to_shop,npc_offers,,"console, electronics, popular",8,0.4,0,0,,Scam risk +1,Cheap fake jewelry with confidence problems.
street_crackhead_sells_handheld_console,street-crackhead,handheld_console,sell_to_shop,npc_offers,,"console, electronics, portable, collectible",8,0.4,0,0,,Scam risk +1,Cheap fake jewelry with confidence problems.
street_crackhead_sells_used_smartphone,street-crackhead,used_smartphone,sell_to_shop,npc_offers,,"electronics, portable",8,0.4,0,0,,Scam risk +1,Cheap fake jewelry with confidence problems.
street_crackhead_sells_budget_laptop,street-crackhead,budget_laptop,sell_to_shop,npc_offers,,"computer, electronics, practical",8,0.4,0,0,,Scam risk +1,Cheap fake jewelry with confidence problems.
street_crackhead_sells_mirrorless_camera,street-crackhead,mirrorless_camera,sell_to_shop,npc_offers,,"electronics, luxury",8,0.4,0,0,,Scam risk +1,Cheap fake jewelry with confidence problems.
street_crackhead_sells_circular_saw,street-crackhead,circular_saw,sell_to_shop,npc_offers,,"tool, repairable, practical",8,0.4,0,0,,Scam risk +1,Cheap fake jewelry with confidence problems.
street_crackhead_sells_socket_set,street-crackhead,socket_set,sell_to_shop,npc_offers,,"tool, practical",8,0.4,0,0,,Scam risk +1,Cheap fake jewelry with confidence problems.
street_crackhead_sells_pressure_washer,street-crackhead,pressure_washer,sell_to_shop,npc_offers,,"tool, practical, repairable",8,0.4,0,0,,Scam risk +1,Cheap fake jewelry with confidence problems.
street_crackhead_sells_electric_guitar,street-crackhead,electric_guitar,sell_to_shop,npc_offers,,"instrument, collectible",8,0.4,0,0,,Scam risk +1,Cheap fake jewelry with confidence problems.
street_crackhead_sells_student_saxophone,street-crackhead,student_saxophone,sell_to_shop,npc_offers,,"instrument, collectible, repairable",8,0.4,0,0,,Scam risk +1,Cheap fake jewelry with confidence problems.
street_crackhead_sells_dj_turntable,street-crackhead,dj_turntable,sell_to_shop,npc_offers,,"electronics, collectible",8,0.4,0,0,,Scam risk +1,Cheap fake jewelry with confidence problems.
street_crackhead_sells_diamond_stud_earrings,street-crackhead,diamond_stud_earrings,sell_to_shop,npc_offers,,"jewelry, luxury",8,0.4,0,0,,Scam risk +1,Cheap fake jewelry with confidence problems.
street_crackhead_sells_gold_bracelet,street-crackhead,gold_bracelet,sell_to_shop,npc_offers,,"jewelry, luxury",8,0.4,0,0,,Scam risk +1,Cheap fake jewelry with confidence problems.
street_crackhead_sells_designer_sunglasses,street-crackhead,designer_sunglasses,sell_to_shop,npc_offers,,"luxury, portable",8,0.4,0,0,,Scam risk +1,Cheap fake jewelry with confidence problems.
street_crackhead_sells_automatic_watch,street-crackhead,automatic_watch,sell_to_shop,npc_offers,,"watch, luxury, collectible",8,0.4,0,0,,Scam risk +1,Cheap fake jewelry with confidence problems.
street_bum_sells_fake_gold_chain,street-bum,fake_gold_chain,sell_to_shop,npc_offers,,"jewelry, fake, suspicious",8,0.45,0,0,poor,Low scam risk,It hums because something in it gave up.
street_bum_sells_suspicious_gold_watch,street-bum,suspicious_gold_watch,sell_to_shop,npc_offers,,"watch, possibly_fake, luxury, suspicious",8,0.45,0,0,poor,Low scam risk,It hums because something in it gave up.
street_bum_sells_old_gaming_pc,street-bum,old_gaming_pc,sell_to_shop,npc_offers,,"computer, electronics, repairable",8,0.45,0,0,poor,Low scam risk,It hums because something in it gave up.
street_bum_sells_hospital_vcr,street-bum,hospital_vcr,sell_to_shop,npc_offers,,"electronics, hot, suspicious",8,0.45,0,0,poor,Low scam risk,It hums because something in it gave up.
street_bum_sells_cracked_tablet,street-bum,cracked_tablet,sell_to_shop,npc_offers,,"electronics, broken",8,0.45,0,0,poor,Low scam risk,It hums because something in it gave up.
street_bum_sells_cordless_drill,street-bum,cordless_drill,sell_to_shop,npc_offers,,"tool, repairable",8,0.45,0,0,poor,Low scam risk,It hums because something in it gave up.
street_bum_sells_bolt_cutters,street-bum,bolt_cutters,sell_to_shop,npc_offers,,"tool, suspicious",8,0.45,0,0,poor,Low scam risk,It hums because something in it gave up.
street_bum_sells_pawn_shop_guitar,street-bum,pawn_shop_guitar,sell_to_shop,npc_offers,,"instrument, repairable",8,0.45,0,0,poor,Low scam risk,It hums because something in it gave up.
street_bum_sells_gold_ring_engravings,street-bum,gold_ring_engravings,sell_to_shop,npc_offers,,"jewelry, luxury, suspicious",8,0.45,0,0,poor,Low scam risk,It hums because something in it gave up.
street_bum_sells_baseball_card_box,street-bum,baseball_card_box,sell_to_shop,npc_offers,,"collectible, mystery",8,0.45,0,0,poor,Low scam risk,It hums because something in it gave up.
street_bum_sells_rare_action_figure,street-bum,rare_action_figure,sell_to_shop,npc_offers,,"collectible, rare, broken",8,0.45,0,0,poor,Low scam risk,It hums because something in it gave up.
street_bum_sells_pocket_knife,street-bum,pocket_knife,sell_to_shop,npc_offers,,weapon,8,0.45,0,0,poor,Low scam risk,It hums because something in it gave up.
street_bum_sells_rusty_revolver_prop,street-bum,rusty_revolver_prop,sell_to_shop,npc_offers,,"weapon, suspicious, hot",8,0.45,0,0,poor,Low scam risk,It hums because something in it gave up.
street_bum_sells_luxury_handbag_fake,street-bum,luxury_handbag_fake,sell_to_shop,npc_offers,,"luxury, possibly_fake",8,0.45,0,0,poor,Low scam risk,It hums because something in it gave up.
street_bum_sells_sealed_mystery_box,street-bum,sealed_mystery_box,sell_to_shop,npc_offers,,"mystery, suspicious",8,0.45,0,0,poor,Low scam risk,It hums because something in it gave up.
street_bum_sells_stolen_bike_wheel,street-bum,stolen_bike_wheel,sell_to_shop,npc_offers,,"tool, stolen, hot, suspicious",8,0.45,0,0,poor,Low scam risk,It hums because something in it gave up.
street_bum_sells_smart_watch_locked,street-bum,smart_watch_locked,sell_to_shop,npc_offers,,"watch, electronics, suspicious",8,0.45,0,0,poor,Low scam risk,It hums because something in it gave up.
street_bum_sells_silverware_bundle,street-bum,silverware_bundle,sell_to_shop,npc_offers,,"jewelry, possibly_fake, suspicious",8,0.45,0,0,poor,Low scam risk,It hums because something in it gave up.
street_bum_sells_countertop_blender,street-bum,countertop_blender,sell_to_shop,npc_offers,,"appliance, practical",8,0.45,0,0,poor,Low scam risk,It hums because something in it gave up.
street_bum_sells_air_fryer,street-bum,air_fryer,sell_to_shop,npc_offers,,"appliance, practical",8,0.45,0,0,poor,Low scam risk,It hums because something in it gave up.
street_bum_sells_shop_vac,street-bum,shop_vac,sell_to_shop,npc_offers,,"appliance, practical, repairable",8,0.45,0,0,poor,Low scam risk,It hums because something in it gave up.
street_bum_sells_flat_screen_tv,street-bum,flat_screen_tv,sell_to_shop,npc_offers,,"electronics, practical",8,0.45,0,0,poor,Low scam risk,It hums because something in it gave up.
street_bum_sells_bluetooth_speaker,street-bum,bluetooth_speaker,sell_to_shop,npc_offers,,"electronics, portable",8,0.45,0,0,poor,Low scam risk,It hums because something in it gave up.
street_bum_sells_game_console,street-bum,game_console,sell_to_shop,npc_offers,,"console, electronics, popular",8,0.45,0,0,poor,Low scam risk,It hums because something in it gave up.
street_bum_sells_handheld_console,street-bum,handheld_console,sell_to_shop,npc_offers,,"console, electronics, portable, collectible",8,0.45,0,0,poor,Low scam risk,It hums because something in it gave up.
street_bum_sells_used_smartphone,street-bum,used_smartphone,sell_to_shop,npc_offers,,"electronics, portable",8,0.45,0,0,poor,Low scam risk,It hums because something in it gave up.
street_bum_sells_budget_laptop,street-bum,budget_laptop,sell_to_shop,npc_offers,,"computer, electronics, practical",8,0.45,0,0,poor,Low scam risk,It hums because something in it gave up.
street_bum_sells_mirrorless_camera,street-bum,mirrorless_camera,sell_to_shop,npc_offers,,"electronics, luxury",8,0.45,0,0,poor,Low scam risk,It hums because something in it gave up.
street_bum_sells_circular_saw,street-bum,circular_saw,sell_to_shop,npc_offers,,"tool, repairable, practical",8,0.45,0,0,poor,Low scam risk,It hums because something in it gave up.
street_bum_sells_socket_set,street-bum,socket_set,sell_to_shop,npc_offers,,"tool, practical",8,0.45,0,0,poor,Low scam risk,It hums because something in it gave up.
street_bum_sells_pressure_washer,street-bum,pressure_washer,sell_to_shop,npc_offers,,"tool, practical, repairable",8,0.45,0,0,poor,Low scam risk,It hums because something in it gave up.
street_bum_sells_electric_guitar,street-bum,electric_guitar,sell_to_shop,npc_offers,,"instrument, collectible",8,0.45,0,0,poor,Low scam risk,It hums because something in it gave up.
street_bum_sells_student_saxophone,street-bum,student_saxophone,sell_to_shop,npc_offers,,"instrument, collectible, repairable",8,0.45,0,0,poor,Low scam risk,It hums because something in it gave up.
street_bum_sells_dj_turntable,street-bum,dj_turntable,sell_to_shop,npc_offers,,"electronics, collectible",8,0.45,0,0,poor,Low scam risk,It hums because something in it gave up.
street_bum_sells_diamond_stud_earrings,street-bum,diamond_stud_earrings,sell_to_shop,npc_offers,,"jewelry, luxury",8,0.45,0,0,poor,Low scam risk,It hums because something in it gave up.
street_bum_sells_gold_bracelet,street-bum,gold_bracelet,sell_to_shop,npc_offers,,"jewelry, luxury",8,0.45,0,0,poor,Low scam risk,It hums because something in it gave up.
street_bum_sells_designer_sunglasses,street-bum,designer_sunglasses,sell_to_shop,npc_offers,,"luxury, portable",8,0.45,0,0,poor,Low scam risk,It hums because something in it gave up.
street_bum_sells_automatic_watch,street-bum,automatic_watch,sell_to_shop,npc_offers,,"watch, luxury, collectible",8,0.45,0,0,poor,Low scam risk,It hums because something in it gave up.
service_hitman_buys_pocket_knife,service-hitman,pocket_knife,buy_from_shop,npc_requests,weapon,,5,1.2,0,0,,Cop/thug risk if suspicious,He does not ask whether it works. That is worse.
service_hitman_sells_automatic_watch,service-hitman,automatic_watch,sell_to_shop,npc_offers,,"watch, luxury, collectible",3,0.65,0,0,questionable,Cop risk +3; thug risk +1,Probably a prop. Probably is not a business plan.
service_hitman_sells_circular_saw,service-hitman,circular_saw,sell_to_shop,npc_offers,,"tool, repairable, practical",3,0.65,0,0,questionable,Cop risk +3; thug risk +1,Probably a prop. Probably is not a business plan.
service_hitman_sells_pocket_knife,service-hitman,pocket_knife,sell_to_shop,npc_offers,,weapon,3,0.65,0,0,questionable,Cop risk +3; thug risk +1,Probably a prop. Probably is not a business plan.
service_hitman_sells_bolt_cutters,service-hitman,bolt_cutters,sell_to_shop,npc_offers,,"tool, suspicious",3,0.65,0,0,questionable,Cop risk +3; thug risk +1,Probably a prop. Probably is not a business plan.
service_hitman_sells_cordless_drill,service-hitman,cordless_drill,sell_to_shop,npc_offers,,"tool, repairable",3,0.65,0,0,questionable,Cop risk +3; thug risk +1,Probably a prop. Probably is not a business plan.
street_junkie_sells_microwave_haunted,street-junkie,microwave_haunted,sell_to_shop,npc_offers,,"appliance, junk, broken, cursed",6,0.55,0,0,questionable,Cop risk +1,Still has hospital tape. The hospital would like that back.
street_junkie_sells_fake_gold_chain,street-junkie,fake_gold_chain,sell_to_shop,npc_offers,,"jewelry, fake, suspicious",6,0.55,0,0,questionable,Cop risk +1,Still has hospital tape. The hospital would like that back.
street_junkie_sells_suspicious_gold_watch,street-junkie,suspicious_gold_watch,sell_to_shop,npc_offers,,"watch, possibly_fake, luxury, suspicious",6,0.55,0,0,questionable,Cop risk +1,Still has hospital tape. The hospital would like that back.
street_junkie_sells_old_gaming_pc,street-junkie,old_gaming_pc,sell_to_shop,npc_offers,,"computer, electronics, repairable",6,0.55,0,0,questionable,Cop risk +1,Still has hospital tape. The hospital would like that back.
street_junkie_sells_cracked_tablet,street-junkie,cracked_tablet,sell_to_shop,npc_offers,,"electronics, broken",6,0.55,0,0,questionable,Cop risk +1,Still has hospital tape. The hospital would like that back.
street_junkie_sells_cordless_drill,street-junkie,cordless_drill,sell_to_shop,npc_offers,,"tool, repairable",6,0.55,0,0,questionable,Cop risk +1,Still has hospital tape. The hospital would like that back.
street_junkie_sells_pawn_shop_guitar,street-junkie,pawn_shop_guitar,sell_to_shop,npc_offers,,"instrument, repairable",6,0.55,0,0,questionable,Cop risk +1,Still has hospital tape. The hospital would like that back.
street_junkie_sells_gold_ring_engravings,street-junkie,gold_ring_engravings,sell_to_shop,npc_offers,,"jewelry, luxury, suspicious",6,0.55,0,0,questionable,Cop risk +1,Still has hospital tape. The hospital would like that back.
street_junkie_sells_baseball_card_box,street-junkie,baseball_card_box,sell_to_shop,npc_offers,,"collectible, mystery",6,0.55,0,0,questionable,Cop risk +1,Still has hospital tape. The hospital would like that back.
street_junkie_sells_rare_action_figure,street-junkie,rare_action_figure,sell_to_shop,npc_offers,,"collectible, rare, broken",6,0.55,0,0,questionable,Cop risk +1,Still has hospital tape. The hospital would like that back.
street_junkie_sells_luxury_handbag_fake,street-junkie,luxury_handbag_fake,sell_to_shop,npc_offers,,"luxury, possibly_fake",6,0.55,0,0,questionable,Cop risk +1,Still has hospital tape. The hospital would like that back.
street_junkie_sells_stolen_bike_wheel,street-junkie,stolen_bike_wheel,sell_to_shop,npc_offers,,"tool, stolen, hot, suspicious",6,0.55,0,0,questionable,Cop risk +1,Still has hospital tape. The hospital would like that back.
street_junkie_sells_dvd_stack,street-junkie,dvd_stack,sell_to_shop,npc_offers,,"collectible, junk",6,0.55,0,0,questionable,Cop risk +1,Still has hospital tape. The hospital would like that back.
street_junkie_sells_smart_watch_locked,street-junkie,smart_watch_locked,sell_to_shop,npc_offers,,"watch, electronics, suspicious",6,0.55,0,0,questionable,Cop risk +1,Still has hospital tape. The hospital would like that back.
street_junkie_sells_silverware_bundle,street-junkie,silverware_bundle,sell_to_shop,npc_offers,,"jewelry, possibly_fake, suspicious",6,0.55,0,0,questionable,Cop risk +1,Still has hospital tape. The hospital would like that back.
street_junkie_sells_countertop_blender,street-junkie,countertop_blender,sell_to_shop,npc_offers,,"appliance, practical",6,0.55,0,0,questionable,Cop risk +1,Still has hospital tape. The hospital would like that back.
street_junkie_sells_air_fryer,street-junkie,air_fryer,sell_to_shop,npc_offers,,"appliance, practical",6,0.55,0,0,questionable,Cop risk +1,Still has hospital tape. The hospital would like that back.
street_junkie_sells_shop_vac,street-junkie,shop_vac,sell_to_shop,npc_offers,,"appliance, practical, repairable",6,0.55,0,0,questionable,Cop risk +1,Still has hospital tape. The hospital would like that back.
street_junkie_sells_flat_screen_tv,street-junkie,flat_screen_tv,sell_to_shop,npc_offers,,"electronics, practical",6,0.55,0,0,questionable,Cop risk +1,Still has hospital tape. The hospital would like that back.
street_junkie_sells_bluetooth_speaker,street-junkie,bluetooth_speaker,sell_to_shop,npc_offers,,"electronics, portable",6,0.55,0,0,questionable,Cop risk +1,Still has hospital tape. The hospital would like that back.
street_junkie_sells_game_console,street-junkie,game_console,sell_to_shop,npc_offers,,"console, electronics, popular",6,0.55,0,0,questionable,Cop risk +1,Still has hospital tape. The hospital would like that back.
street_junkie_sells_handheld_console,street-junkie,handheld_console,sell_to_shop,npc_offers,,"console, electronics, portable, collectible",6,0.55,0,0,questionable,Cop risk +1,Still has hospital tape. The hospital would like that back.
street_junkie_sells_used_smartphone,street-junkie,used_smartphone,sell_to_shop,npc_offers,,"electronics, portable",6,0.55,0,0,questionable,Cop risk +1,Still has hospital tape. The hospital would like that back.
street_junkie_sells_budget_laptop,street-junkie,budget_laptop,sell_to_shop,npc_offers,,"computer, electronics, practical",6,0.55,0,0,questionable,Cop risk +1,Still has hospital tape. The hospital would like that back.
street_junkie_sells_mirrorless_camera,street-junkie,mirrorless_camera,sell_to_shop,npc_offers,,"electronics, luxury",6,0.55,0,0,questionable,Cop risk +1,Still has hospital tape. The hospital would like that back.
street_junkie_sells_circular_saw,street-junkie,circular_saw,sell_to_shop,npc_offers,,"tool, repairable, practical",6,0.55,0,0,questionable,Cop risk +1,Still has hospital tape. The hospital would like that back.
street_junkie_sells_socket_set,street-junkie,socket_set,sell_to_shop,npc_offers,,"tool, practical",6,0.55,0,0,questionable,Cop risk +1,Still has hospital tape. The hospital would like that back.
street_junkie_sells_pressure_washer,street-junkie,pressure_washer,sell_to_shop,npc_offers,,"tool, practical, repairable",6,0.55,0,0,questionable,Cop risk +1,Still has hospital tape. The hospital would like that back.
street_junkie_sells_electric_guitar,street-junkie,electric_guitar,sell_to_shop,npc_offers,,"instrument, collectible",6,0.55,0,0,questionable,Cop risk +1,Still has hospital tape. The hospital would like that back.
street_junkie_sells_student_saxophone,street-junkie,student_saxophone,sell_to_shop,npc_offers,,"instrument, collectible, repairable",6,0.55,0,0,questionable,Cop risk +1,Still has hospital tape. The hospital would like that back.
street_junkie_sells_dj_turntable,street-junkie,dj_turntable,sell_to_shop,npc_offers,,"electronics, collectible",6,0.55,0,0,questionable,Cop risk +1,Still has hospital tape. The hospital would like that back.
street_junkie_sells_diamond_stud_earrings,street-junkie,diamond_stud_earrings,sell_to_shop,npc_offers,,"jewelry, luxury",6,0.55,0,0,questionable,Cop risk +1,Still has hospital tape. The hospital would like that back.
street_junkie_sells_gold_bracelet,street-junkie,gold_bracelet,sell_to_shop,npc_offers,,"jewelry, luxury",6,0.55,0,0,questionable,Cop risk +1,Still has hospital tape. The hospital would like that back.
street_junkie_sells_designer_sunglasses,street-junkie,designer_sunglasses,sell_to_shop,npc_offers,,"luxury, portable",6,0.55,0,0,questionable,Cop risk +1,Still has hospital tape. The hospital would like that back.
street_junkie_sells_automatic_watch,street-junkie,automatic_watch,sell_to_shop,npc_offers,,"watch, luxury, collectible",6,0.55,0,0,questionable,Cop risk +1,Still has hospital tape. The hospital would like that back.
regular_mr_seventies_buys_automatic_watch,regular-mr-seventies,automatic_watch,buy_from_shop,npc_requests,"watch, luxury, collectible",,5,1.05,0,0,,Low cop risk; scam risk if misrepresented,Pays for visible status and questionable history.
regular_mr_seventies_buys_designer_sunglasses,regular-mr-seventies,designer_sunglasses,buy_from_shop,npc_requests,"luxury, portable",,5,1.05,0,0,,Low cop risk; scam risk if misrepresented,Pays for visible status and questionable history.
regular_mr_seventies_buys_gold_bracelet,regular-mr-seventies,gold_bracelet,buy_from_shop,npc_requests,"jewelry, luxury",,5,1.05,0,0,,Low cop risk; scam risk if misrepresented,Pays for visible status and questionable history.
regular_mr_seventies_buys_diamond_stud_earrings,regular-mr-seventies,diamond_stud_earrings,buy_from_shop,npc_requests,"jewelry, luxury",,5,1.05,0,0,,Low cop risk; scam risk if misrepresented,Pays for visible status and questionable history.
regular_mr_seventies_buys_dj_turntable,regular-mr-seventies,dj_turntable,buy_from_shop,npc_requests,"electronics, collectible",,5,1.05,0,0,,Low cop risk; scam risk if misrepresented,Pays for visible status and questionable history.
regular_mr_seventies_buys_student_saxophone,regular-mr-seventies,student_saxophone,buy_from_shop,npc_requests,"instrument, collectible, repairable",,5,1.05,0,0,,Low cop risk; scam risk if misrepresented,Pays for visible status and questionable history.
regular_mr_seventies_buys_electric_guitar,regular-mr-seventies,electric_guitar,buy_from_shop,npc_requests,"instrument, collectible",,5,1.05,0,0,,Low cop risk; scam risk if misrepresented,Pays for visible status and questionable history.
regular_mr_seventies_buys_mirrorless_camera,regular-mr-seventies,mirrorless_camera,buy_from_shop,npc_requests,"electronics, luxury",,5,1.05,0,0,,Low cop risk; scam risk if misrepresented,Pays for visible status and questionable history.
regular_mr_seventies_buys_rusty_revolver_prop,regular-mr-seventies,rusty_revolver_prop,buy_from_shop,npc_requests,"weapon, suspicious, hot",,5,1.05,0,0,,Low cop risk; scam risk if misrepresented,Pays for visible status and questionable history.
regular_mr_seventies_buys_pocket_knife,regular-mr-seventies,pocket_knife,buy_from_shop,npc_requests,weapon,,5,1.05,0,0,,Low cop risk; scam risk if misrepresented,Pays for visible status and questionable history.
regular_mr_seventies_buys_pawn_shop_guitar,regular-mr-seventies,pawn_shop_guitar,buy_from_shop,npc_requests,"instrument, repairable",,5,1.05,0,0,,Low cop risk; scam risk if misrepresented,Pays for visible status and questionable history.
regular_mr_seventies_buys_suspicious_gold_watch,regular-mr-seventies,suspicious_gold_watch,buy_from_shop,npc_requests,"watch, possibly_fake, luxury, suspicious",,5,1.05,0,0,,Low cop risk; scam risk if misrepresented,Pays for visible status and questionable history.
regular_mr_seventies_buys_fake_gold_chain,regular-mr-seventies,fake_gold_chain,buy_from_shop,npc_requests,"jewelry, fake, suspicious",,5,1.05,0,0,,Low cop risk; scam risk if misrepresented,Pays for visible status and questionable history.
regular_mr_seventies_sells_microwave_haunted,regular-mr-seventies,microwave_haunted,sell_to_shop,npc_offers,,"appliance, junk, broken, cursed",8,0.4,0,0,,Scam risk +1,Cheap fake jewelry with confidence problems.
regular_mr_seventies_sells_fake_gold_chain,regular-mr-seventies,fake_gold_chain,sell_to_shop,npc_offers,,"jewelry, fake, suspicious",8,0.4,0,0,,Scam risk +1,Cheap fake jewelry with confidence problems.
regular_mr_seventies_sells_suspicious_gold_watch,regular-mr-seventies,suspicious_gold_watch,sell_to_shop,npc_offers,,"watch, possibly_fake, luxury, suspicious",8,0.4,0,0,,Scam risk +1,Cheap fake jewelry with confidence problems.
regular_mr_seventies_sells_pawn_shop_guitar,regular-mr-seventies,pawn_shop_guitar,sell_to_shop,npc_offers,,"instrument, repairable",8,0.4,0,0,,Scam risk +1,Cheap fake jewelry with confidence problems.
regular_mr_seventies_sells_gold_ring_engravings,regular-mr-seventies,gold_ring_engravings,sell_to_shop,npc_offers,,"jewelry, luxury, suspicious",8,0.4,0,0,,Scam risk +1,Cheap fake jewelry with confidence problems.
regular_mr_seventies_sells_pocket_knife,regular-mr-seventies,pocket_knife,sell_to_shop,npc_offers,,weapon,8,0.4,0,0,,Scam risk +1,Cheap fake jewelry with confidence problems.
regular_mr_seventies_sells_rusty_revolver_prop,regular-mr-seventies,rusty_revolver_prop,sell_to_shop,npc_offers,,"weapon, suspicious, hot",8,0.4,0,0,,Scam risk +1,Cheap fake jewelry with confidence problems.
regular_mr_seventies_sells_luxury_handbag_fake,regular-mr-seventies,luxury_handbag_fake,sell_to_shop,npc_offers,,"luxury, possibly_fake",8,0.4,0,0,,Scam risk +1,Cheap fake jewelry with confidence problems.
regular_mr_seventies_sells_smart_watch_locked,regular-mr-seventies,smart_watch_locked,sell_to_shop,npc_offers,,"watch, electronics, suspicious",8,0.4,0,0,,Scam risk +1,Cheap fake jewelry with confidence problems.
regular_mr_seventies_sells_silverware_bundle,regular-mr-seventies,silverware_bundle,sell_to_shop,npc_offers,,"jewelry, possibly_fake, suspicious",8,0.4,0,0,,Scam risk +1,Cheap fake jewelry with confidence problems.
regular_mr_seventies_sells_used_smartphone,regular-mr-seventies,used_smartphone,sell_to_shop,npc_offers,,"electronics, portable",8,0.4,0,0,,Scam risk +1,Cheap fake jewelry with confidence problems.
regular_mr_seventies_sells_mirrorless_camera,regular-mr-seventies,mirrorless_camera,sell_to_shop,npc_offers,,"electronics, luxury",8,0.4,0,0,,Scam risk +1,Cheap fake jewelry with confidence problems.
regular_mr_seventies_sells_electric_guitar,regular-mr-seventies,electric_guitar,sell_to_shop,npc_offers,,"instrument, collectible",8,0.4,0,0,,Scam risk +1,Cheap fake jewelry with confidence problems.
regular_mr_seventies_sells_student_saxophone,regular-mr-seventies,student_saxophone,sell_to_shop,npc_offers,,"instrument, collectible, repairable",8,0.4,0,0,,Scam risk +1,Cheap fake jewelry with confidence problems.
regular_mr_seventies_sells_dj_turntable,regular-mr-seventies,dj_turntable,sell_to_shop,npc_offers,,"electronics, collectible",8,0.4,0,0,,Scam risk +1,Cheap fake jewelry with confidence problems.
regular_mr_seventies_sells_diamond_stud_earrings,regular-mr-seventies,diamond_stud_earrings,sell_to_shop,npc_offers,,"jewelry, luxury",8,0.4,0,0,,Scam risk +1,Cheap fake jewelry with confidence problems.
regular_mr_seventies_sells_gold_bracelet,regular-mr-seventies,gold_bracelet,sell_to_shop,npc_offers,,"jewelry, luxury",8,0.4,0,0,,Scam risk +1,Cheap fake jewelry with confidence problems.
regular_mr_seventies_sells_designer_sunglasses,regular-mr-seventies,designer_sunglasses,sell_to_shop,npc_offers,,"luxury, portable",8,0.4,0,0,,Scam risk +1,Cheap fake jewelry with confidence problems.
regular_mr_seventies_sells_automatic_watch,regular-mr-seventies,automatic_watch,sell_to_shop,npc_offers,,"watch, luxury, collectible",8,0.4,0,0,,Scam risk +1,Cheap fake jewelry with confidence problems.
regular_mr_seventies_sells_sealed_mystery_box,regular-mr-seventies,sealed_mystery_box,sell_to_shop,npc_offers,,"mystery, suspicious",8,0.4,0,0,,Scam risk +1,Cheap fake jewelry with confidence problems.
regular_mr_seventies_trades_automatic_watch,regular-mr-seventies,automatic_watch,trade,npc_offers,"luxury, collectible, electronics","watch, luxury, collectible",5,0.90,-20,35,used,Scam risk +1,Vintage cards in a box that has survived several bad decades.
regular_mr_seventies_trades_designer_sunglasses,regular-mr-seventies,designer_sunglasses,trade,npc_offers,"luxury, collectible, electronics","luxury, portable",5,0.90,-20,35,used,Scam risk +1,Vintage cards in a box that has survived several bad decades.
regular_mr_seventies_trades_gold_bracelet,regular-mr-seventies,gold_bracelet,trade,npc_offers,"luxury, collectible, electronics","jewelry, luxury",5,0.90,-20,35,used,Scam risk +1,Vintage cards in a box that has survived several bad decades.
regular_mr_seventies_trades_diamond_stud_earrings,regular-mr-seventies,diamond_stud_earrings,trade,npc_offers,"luxury, collectible, electronics","jewelry, luxury",5,0.90,-20,35,used,Scam risk +1,Vintage cards in a box that has survived several bad decades.
regular_mr_seventies_trades_dj_turntable,regular-mr-seventies,dj_turntable,trade,npc_offers,"luxury, collectible, electronics","electronics, collectible",5,0.90,-20,35,used,Scam risk +1,Vintage cards in a box that has survived several bad decades.
regular_mr_seventies_trades_student_saxophone,regular-mr-seventies,student_saxophone,trade,npc_offers,"luxury, collectible, electronics","instrument, collectible, repairable",5,0.90,-20,35,used,Scam risk +1,Vintage cards in a box that has survived several bad decades.
regular_mr_seventies_trades_electric_guitar,regular-mr-seventies,electric_guitar,trade,npc_offers,"luxury, collectible, electronics","instrument, collectible",5,0.90,-20,35,used,Scam risk +1,Vintage cards in a box that has survived several bad decades.
regular_mr_seventies_trades_mirrorless_camera,regular-mr-seventies,mirrorless_camera,trade,npc_offers,"luxury, collectible, electronics","electronics, luxury",5,0.90,-20,35,used,Scam risk +1,Vintage cards in a box that has survived several bad decades.
regular_mr_seventies_trades_used_smartphone,regular-mr-seventies,used_smartphone,trade,npc_offers,"luxury, collectible, electronics","electronics, portable",5,0.90,-20,35,used,Scam risk +1,Vintage cards in a box that has survived several bad decades.
regular_mr_seventies_trades_silverware_bundle,regular-mr-seventies,silverware_bundle,trade,npc_offers,"luxury, collectible, electronics","jewelry, possibly_fake, suspicious",5,0.90,-20,35,used,Scam risk +1,Vintage cards in a box that has survived several bad decades.
regular_mr_seventies_trades_smart_watch_locked,regular-mr-seventies,smart_watch_locked,trade,npc_offers,"luxury, collectible, electronics","watch, electronics, suspicious",5,0.90,-20,35,used,Scam risk +1,Vintage cards in a box that has survived several bad decades.
regular_mr_seventies_trades_sealed_mystery_box,regular-mr-seventies,sealed_mystery_box,trade,npc_offers,"luxury, collectible, electronics","mystery, suspicious",5,0.90,-20,35,used,Scam risk +1,Vintage cards in a box that has survived several bad decades.
regular_mr_seventies_trades_luxury_handbag_fake,regular-mr-seventies,luxury_handbag_fake,trade,npc_offers,"luxury, collectible, electronics","luxury, possibly_fake",5,0.90,-20,35,used,Scam risk +1,Vintage cards in a box that has survived several bad decades.
regular_mr_seventies_trades_gold_ring_engravings,regular-mr-seventies,gold_ring_engravings,trade,npc_offers,"luxury, collectible, electronics","jewelry, luxury, suspicious",5,0.90,-20,35,used,Scam risk +1,Vintage cards in a box that has survived several bad decades.
regular_mr_seventies_trades_pawn_shop_guitar,regular-mr-seventies,pawn_shop_guitar,trade,npc_offers,"luxury, collectible, electronics","instrument, repairable",5,0.90,-20,35,used,Scam risk +1,Vintage cards in a box that has survived several bad decades.
regular_mr_seventies_trades_suspicious_gold_watch,regular-mr-seventies,suspicious_gold_watch,trade,npc_offers,"luxury, collectible, electronics","watch, possibly_fake, luxury, suspicious",5,0.90,-20,35,used,Scam risk +1,Vintage cards in a box that has survived several bad decades.
regular_mr_seventies_trades_fake_gold_chain,regular-mr-seventies,fake_gold_chain,trade,npc_offers,"luxury, collectible, electronics","jewelry, fake, suspicious",5,0.90,-20,35,used,Scam risk +1,Vintage cards in a box that has survived several bad decades.
regular_mr_seventies_trades_microwave_haunted,regular-mr-seventies,microwave_haunted,trade,npc_offers,"luxury, collectible, electronics","appliance, junk, broken, cursed",5,0.90,-20,35,used,Scam risk +1,Vintage cards in a box that has survived several bad decades.
regular_business_drunk_sells_fake_gold_chain,regular-business-drunk,fake_gold_chain,sell_to_shop,npc_offers,,"jewelry, fake, suspicious",5,0.68,0,0,used,Low risk,Insists they were for client meetings.
regular_business_drunk_sells_suspicious_gold_watch,regular-business-drunk,suspicious_gold_watch,sell_to_shop,npc_offers,,"watch, possibly_fake, luxury, suspicious",5,0.68,0,0,used,Low risk,Insists they were for client meetings.
regular_business_drunk_sells_old_gaming_pc,regular-business-drunk,old_gaming_pc,sell_to_shop,npc_offers,,"computer, electronics, repairable",5,0.68,0,0,used,Low risk,Insists they were for client meetings.
regular_business_drunk_sells_cordless_drill,regular-business-drunk,cordless_drill,sell_to_shop,npc_offers,,"tool, repairable",5,0.68,0,0,used,Low risk,Insists they were for client meetings.
regular_business_drunk_sells_bolt_cutters,regular-business-drunk,bolt_cutters,sell_to_shop,npc_offers,,"tool, suspicious",5,0.68,0,0,used,Low risk,Insists they were for client meetings.
regular_business_drunk_sells_pawn_shop_guitar,regular-business-drunk,pawn_shop_guitar,sell_to_shop,npc_offers,,"instrument, repairable",5,0.68,0,0,used,Low risk,Insists they were for client meetings.
regular_business_drunk_sells_gold_ring_engravings,regular-business-drunk,gold_ring_engravings,sell_to_shop,npc_offers,,"jewelry, luxury, suspicious",5,0.68,0,0,used,Low risk,Insists they were for client meetings.
regular_business_drunk_sells_baseball_card_box,regular-business-drunk,baseball_card_box,sell_to_shop,npc_offers,,"collectible, mystery",5,0.68,0,0,used,Low risk,Insists they were for client meetings.
regular_business_drunk_sells_rare_action_figure,regular-business-drunk,rare_action_figure,sell_to_shop,npc_offers,,"collectible, rare, broken",5,0.68,0,0,used,Low risk,Insists they were for client meetings.
regular_business_drunk_sells_luxury_handbag_fake,regular-business-drunk,luxury_handbag_fake,sell_to_shop,npc_offers,,"luxury, possibly_fake",5,0.68,0,0,used,Low risk,Insists they were for client meetings.
regular_business_drunk_sells_dvd_stack,regular-business-drunk,dvd_stack,sell_to_shop,npc_offers,,"collectible, junk",5,0.68,0,0,used,Low risk,Insists they were for client meetings.
regular_business_drunk_sells_smart_watch_locked,regular-business-drunk,smart_watch_locked,sell_to_shop,npc_offers,,"watch, electronics, suspicious",5,0.68,0,0,used,Low risk,Insists they were for client meetings.
regular_business_drunk_sells_silverware_bundle,regular-business-drunk,silverware_bundle,sell_to_shop,npc_offers,,"jewelry, possibly_fake, suspicious",5,0.68,0,0,used,Low risk,Insists they were for client meetings.
regular_business_drunk_sells_countertop_blender,regular-business-drunk,countertop_blender,sell_to_shop,npc_offers,,"appliance, practical",5,0.68,0,0,used,Low risk,Insists they were for client meetings.
regular_business_drunk_sells_air_fryer,regular-business-drunk,air_fryer,sell_to_shop,npc_offers,,"appliance, practical",5,0.68,0,0,used,Low risk,Insists they were for client meetings.
regular_business_drunk_sells_shop_vac,regular-business-drunk,shop_vac,sell_to_shop,npc_offers,,"appliance, practical, repairable",5,0.68,0,0,used,Low risk,Insists they were for client meetings.
regular_business_drunk_sells_flat_screen_tv,regular-business-drunk,flat_screen_tv,sell_to_shop,npc_offers,,"electronics, practical",5,0.68,0,0,used,Low risk,Insists they were for client meetings.
regular_business_drunk_sells_bluetooth_speaker,regular-business-drunk,bluetooth_speaker,sell_to_shop,npc_offers,,"electronics, portable",5,0.68,0,0,used,Low risk,Insists they were for client meetings.
regular_business_drunk_sells_game_console,regular-business-drunk,game_console,sell_to_shop,npc_offers,,"console, electronics, popular",5,0.68,0,0,used,Low risk,Insists they were for client meetings.
regular_business_drunk_sells_handheld_console,regular-business-drunk,handheld_console,sell_to_shop,npc_offers,,"console, electronics, portable, collectible",5,0.68,0,0,used,Low risk,Insists they were for client meetings.
regular_business_drunk_sells_used_smartphone,regular-business-drunk,used_smartphone,sell_to_shop,npc_offers,,"electronics, portable",5,0.68,0,0,used,Low risk,Insists they were for client meetings.
regular_business_drunk_sells_budget_laptop,regular-business-drunk,budget_laptop,sell_to_shop,npc_offers,,"computer, electronics, practical",5,0.68,0,0,used,Low risk,Insists they were for client meetings.
regular_business_drunk_sells_mirrorless_camera,regular-business-drunk,mirrorless_camera,sell_to_shop,npc_offers,,"electronics, luxury",5,0.68,0,0,used,Low risk,Insists they were for client meetings.
regular_business_drunk_sells_circular_saw,regular-business-drunk,circular_saw,sell_to_shop,npc_offers,,"tool, repairable, practical",5,0.68,0,0,used,Low risk,Insists they were for client meetings.
regular_business_drunk_sells_socket_set,regular-business-drunk,socket_set,sell_to_shop,npc_offers,,"tool, practical",5,0.68,0,0,used,Low risk,Insists they were for client meetings.
regular_business_drunk_sells_pressure_washer,regular-business-drunk,pressure_washer,sell_to_shop,npc_offers,,"tool, practical, repairable",5,0.68,0,0,used,Low risk,Insists they were for client meetings.
regular_business_drunk_sells_electric_guitar,regular-business-drunk,electric_guitar,sell_to_shop,npc_offers,,"instrument, collectible",5,0.68,0,0,used,Low risk,Insists they were for client meetings.
regular_business_drunk_sells_student_saxophone,regular-business-drunk,student_saxophone,sell_to_shop,npc_offers,,"instrument, collectible, repairable",5,0.68,0,0,used,Low risk,Insists they were for client meetings.
regular_business_drunk_sells_dj_turntable,regular-business-drunk,dj_turntable,sell_to_shop,npc_offers,,"electronics, collectible",5,0.68,0,0,used,Low risk,Insists they were for client meetings.
regular_business_drunk_sells_diamond_stud_earrings,regular-business-drunk,diamond_stud_earrings,sell_to_shop,npc_offers,,"jewelry, luxury",5,0.68,0,0,used,Low risk,Insists they were for client meetings.
regular_business_drunk_sells_gold_bracelet,regular-business-drunk,gold_bracelet,sell_to_shop,npc_offers,,"jewelry, luxury",5,0.68,0,0,used,Low risk,Insists they were for client meetings.
regular_business_drunk_sells_automatic_watch,regular-business-drunk,automatic_watch,sell_to_shop,npc_offers,,"watch, luxury, collectible",5,0.68,0,0,used,Low risk,Insists they were for client meetings.
regular_business_drunk_sells_sealed_mystery_box,regular-business-drunk,sealed_mystery_box,sell_to_shop,npc_offers,,"mystery, suspicious",5,0.68,0,0,used,Low risk,Insists they were for client meetings.
regular_lady_divorce_buys_fake_gold_chain,regular-lady-divorce,fake_gold_chain,buy_from_shop,npc_requests,"jewelry, fake, suspicious",,4,0.8,0,0,,Low risk,Will buy junk if the price is pathetic.
regular_lady_divorce_buys_suspicious_gold_watch,regular-lady-divorce,suspicious_gold_watch,buy_from_shop,npc_requests,"watch, possibly_fake, luxury, suspicious",,4,0.8,0,0,,Low risk,Will buy junk if the price is pathetic.
regular_lady_divorce_buys_gold_ring_engravings,regular-lady-divorce,gold_ring_engravings,buy_from_shop,npc_requests,"jewelry, luxury, suspicious",,4,0.8,0,0,,Low risk,Will buy junk if the price is pathetic.
regular_lady_divorce_buys_luxury_handbag_fake,regular-lady-divorce,luxury_handbag_fake,buy_from_shop,npc_requests,"luxury, possibly_fake",,4,0.8,0,0,,Low risk,Will buy junk if the price is pathetic.
regular_lady_divorce_buys_silverware_bundle,regular-lady-divorce,silverware_bundle,buy_from_shop,npc_requests,"jewelry, possibly_fake, suspicious",,4,0.8,0,0,,Low risk,Will buy junk if the price is pathetic.
regular_lady_divorce_buys_countertop_blender,regular-lady-divorce,countertop_blender,buy_from_shop,npc_requests,"appliance, practical",,4,0.8,0,0,,Low risk,Will buy junk if the price is pathetic.
regular_lady_divorce_buys_diamond_stud_earrings,regular-lady-divorce,diamond_stud_earrings,buy_from_shop,npc_requests,"jewelry, luxury",,4,0.8,0,0,,Low risk,Will buy junk if the price is pathetic.
regular_lady_divorce_buys_gold_bracelet,regular-lady-divorce,gold_bracelet,buy_from_shop,npc_requests,"jewelry, luxury",,4,0.8,0,0,,Low risk,Will buy junk if the price is pathetic.
regular_lady_divorce_buys_designer_sunglasses,regular-lady-divorce,designer_sunglasses,buy_from_shop,npc_requests,"luxury, portable",,4,0.8,0,0,,Low risk,Will buy junk if the price is pathetic.
regular_lady_divorce_buys_automatic_watch,regular-lady-divorce,automatic_watch,buy_from_shop,npc_requests,"watch, luxury, collectible",,4,0.8,0,0,,Low risk,Will buy junk if the price is pathetic.
regular_lady_divorce_sells_suspicious_gold_watch,regular-lady-divorce,suspicious_gold_watch,sell_to_shop,npc_offers,,"watch, possibly_fake, luxury, suspicious",6,0.70,0,0,good,Low risk; reputation penalty for cruelty,Removing one more shared asset from the ledger.
regular_lady_divorce_sells_old_gaming_pc,regular-lady-divorce,old_gaming_pc,sell_to_shop,npc_offers,,"computer, electronics, repairable",6,0.70,0,0,good,Low risk; reputation penalty for cruelty,Removing one more shared asset from the ledger.
regular_lady_divorce_sells_hospital_vcr,regular-lady-divorce,hospital_vcr,sell_to_shop,npc_offers,,"electronics, hot, suspicious",6,0.70,0,0,good,Low risk; reputation penalty for cruelty,Removing one more shared asset from the ledger.
regular_lady_divorce_sells_cracked_tablet,regular-lady-divorce,cracked_tablet,sell_to_shop,npc_offers,,"electronics, broken",6,0.70,0,0,good,Low risk; reputation penalty for cruelty,Removing one more shared asset from the ledger.
regular_lady_divorce_sells_cordless_drill,regular-lady-divorce,cordless_drill,sell_to_shop,npc_offers,,"tool, repairable",6,0.70,0,0,good,Low risk; reputation penalty for cruelty,Removing one more shared asset from the ledger.
regular_lady_divorce_sells_bolt_cutters,regular-lady-divorce,bolt_cutters,sell_to_shop,npc_offers,,"tool, suspicious",6,0.70,0,0,good,Low risk; reputation penalty for cruelty,Removing one more shared asset from the ledger.
regular_lady_divorce_sells_pawn_shop_guitar,regular-lady-divorce,pawn_shop_guitar,sell_to_shop,npc_offers,,"instrument, repairable",6,0.70,0,0,good,Low risk; reputation penalty for cruelty,Removing one more shared asset from the ledger.
regular_lady_divorce_sells_baseball_card_box,regular-lady-divorce,baseball_card_box,sell_to_shop,npc_offers,,"collectible, mystery",6,0.70,0,0,good,Low risk; reputation penalty for cruelty,Removing one more shared asset from the ledger.
regular_lady_divorce_sells_rare_action_figure,regular-lady-divorce,rare_action_figure,sell_to_shop,npc_offers,,"collectible, rare, broken",6,0.70,0,0,good,Low risk; reputation penalty for cruelty,Removing one more shared asset from the ledger.
regular_lady_divorce_sells_pocket_knife,regular-lady-divorce,pocket_knife,sell_to_shop,npc_offers,,weapon,6,0.70,0,0,good,Low risk; reputation penalty for cruelty,Removing one more shared asset from the ledger.
regular_lady_divorce_sells_rusty_revolver_prop,regular-lady-divorce,rusty_revolver_prop,sell_to_shop,npc_offers,,"weapon, suspicious, hot",6,0.70,0,0,good,Low risk; reputation penalty for cruelty,Removing one more shared asset from the ledger.
regular_lady_divorce_sells_sealed_mystery_box,regular-lady-divorce,sealed_mystery_box,sell_to_shop,npc_offers,,"mystery, suspicious",6,0.70,0,0,good,Low risk; reputation penalty for cruelty,Removing one more shared asset from the ledger.
regular_lady_divorce_sells_stolen_bike_wheel,regular-lady-divorce,stolen_bike_wheel,sell_to_shop,npc_offers,,"tool, stolen, hot, suspicious",6,0.70,0,0,good,Low risk; reputation penalty for cruelty,Removing one more shared asset from the ledger.
regular_lady_divorce_sells_dvd_stack,regular-lady-divorce,dvd_stack,sell_to_shop,npc_offers,,"collectible, junk",6,0.70,0,0,good,Low risk; reputation penalty for cruelty,Removing one more shared asset from the ledger.
regular_lady_divorce_sells_smart_watch_locked,regular-lady-divorce,smart_watch_locked,sell_to_shop,npc_offers,,"watch, electronics, suspicious",6,0.70,0,0,good,Low risk; reputation penalty for cruelty,Removing one more shared asset from the ledger.
regular_lady_divorce_sells_bluetooth_speaker,regular-lady-divorce,bluetooth_speaker,sell_to_shop,npc_offers,,"electronics, portable",6,0.70,0,0,good,Low risk; reputation penalty for cruelty,Removing one more shared asset from the ledger.
regular_lady_divorce_sells_game_console,regular-lady-divorce,game_console,sell_to_shop,npc_offers,,"console, electronics, popular",6,0.70,0,0,good,Low risk; reputation penalty for cruelty,Removing one more shared asset from the ledger.
regular_lady_divorce_sells_handheld_console,regular-lady-divorce,handheld_console,sell_to_shop,npc_offers,,"console, electronics, portable, collectible",6,0.70,0,0,good,Low risk; reputation penalty for cruelty,Removing one more shared asset from the ledger.
regular_lady_divorce_sells_used_smartphone,regular-lady-divorce,used_smartphone,sell_to_shop,npc_offers,,"electronics, portable",6,0.70,0,0,good,Low risk; reputation penalty for cruelty,Removing one more shared asset from the ledger.
regular_lady_divorce_sells_budget_laptop,regular-lady-divorce,budget_laptop,sell_to_shop,npc_offers,,"computer, electronics, practical",6,0.70,0,0,good,Low risk; reputation penalty for cruelty,Removing one more shared asset from the ledger.
regular_lady_divorce_sells_circular_saw,regular-lady-divorce,circular_saw,sell_to_shop,npc_offers,,"tool, repairable, practical",6,0.70,0,0,good,Low risk; reputation penalty for cruelty,Removing one more shared asset from the ledger.
regular_lady_divorce_sells_socket_set,regular-lady-divorce,socket_set,sell_to_shop,npc_offers,,"tool, practical",6,0.70,0,0,good,Low risk; reputation penalty for cruelty,Removing one more shared asset from the ledger.
regular_lady_divorce_sells_pressure_washer,regular-lady-divorce,pressure_washer,sell_to_shop,npc_offers,,"tool, practical, repairable",6,0.70,0,0,good,Low risk; reputation penalty for cruelty,Removing one more shared asset from the ledger.
regular_lady_divorce_sells_electric_guitar,regular-lady-divorce,electric_guitar,sell_to_shop,npc_offers,,"instrument, collectible",6,0.70,0,0,good,Low risk; reputation penalty for cruelty,Removing one more shared asset from the ledger.
regular_lady_divorce_sells_student_saxophone,regular-lady-divorce,student_saxophone,sell_to_shop,npc_offers,,"instrument, collectible, repairable",6,0.70,0,0,good,Low risk; reputation penalty for cruelty,Removing one more shared asset from the ledger.
regular_lady_divorce_sells_dj_turntable,regular-lady-divorce,dj_turntable,sell_to_shop,npc_offers,,"electronics, collectible",6,0.70,0,0,good,Low risk; reputation penalty for cruelty,Removing one more shared asset from the ledger.
regular_lady_divorce_buys_mirrorless_camera,regular-lady-divorce,mirrorless_camera,buy_from_shop,npc_requests,"electronics, luxury",,4,0.8,0,0,,Low risk,Will buy junk if the price is pathetic.
regular_lady_divorce_buys_shop_vac,regular-lady-divorce,shop_vac,buy_from_shop,npc_requests,"appliance, practical, repairable",,4,0.8,0,0,,Low risk,Will buy junk if the price is pathetic.
regular_lady_divorce_buys_air_fryer,regular-lady-divorce,air_fryer,buy_from_shop,npc_requests,"appliance, practical",,4,0.8,0,0,,Low risk,Will buy junk if the price is pathetic.
regular_lady_divorce_sells_flat_screen_tv,regular-lady-divorce,flat_screen_tv,sell_to_shop,npc_offers,,"electronics, practical",6,0.70,0,0,good,Low risk; reputation penalty for cruelty,Removing one more shared asset from the ledger.
regular_lady_divorce_buys_microwave_haunted,regular-lady-divorce,microwave_haunted,buy_from_shop,npc_requests,"appliance, junk, broken, cursed",,4,0.8,0,0,,Low risk,Will buy junk if the price is pathetic.
regular_lady_divorce_trades_fake_gold_chain,regular-lady-divorce,fake_gold_chain,trade,npc_offers,"electronics, junk, mystery","jewelry, fake, suspicious",6,0.75,-20,20,unknown,Random scam/cop risk,Trades a bad box for something easier to fence.
regular_lady_divorce_trades_suspicious_gold_watch,regular-lady-divorce,suspicious_gold_watch,trade,npc_offers,"electronics, junk, mystery","watch, possibly_fake, luxury, suspicious",6,0.75,-20,20,unknown,Random scam/cop risk,Trades a bad box for something easier to fence.
regular_lady_divorce_trades_luxury_handbag_fake,regular-lady-divorce,luxury_handbag_fake,trade,npc_offers,"electronics, junk, mystery","luxury, possibly_fake",6,0.75,-20,20,unknown,Random scam/cop risk,Trades a bad box for something easier to fence.
regular_lady_divorce_trades_smart_watch_locked,regular-lady-divorce,smart_watch_locked,trade,npc_offers,"electronics, junk, mystery","watch, electronics, suspicious",6,0.75,-20,20,unknown,Random scam/cop risk,Trades a bad box for something easier to fence.
regular_lady_divorce_trades_silverware_bundle,regular-lady-divorce,silverware_bundle,trade,npc_offers,"electronics, junk, mystery","jewelry, possibly_fake, suspicious",6,0.75,-20,20,unknown,Random scam/cop risk,Trades a bad box for something easier to fence.
regular_lady_divorce_trades_shop_vac,regular-lady-divorce,shop_vac,trade,npc_offers,"electronics, junk, mystery","appliance, practical, repairable",6,0.75,-20,20,unknown,Random scam/cop risk,Trades a bad box for something easier to fence.
regular_lady_divorce_trades_air_fryer,regular-lady-divorce,air_fryer,trade,npc_offers,"electronics, junk, mystery","appliance, practical",6,0.75,-20,20,unknown,Random scam/cop risk,Trades a bad box for something easier to fence.
regular_lady_divorce_trades_countertop_blender,regular-lady-divorce,countertop_blender,trade,npc_offers,"electronics, junk, mystery","appliance, practical",6,0.75,-20,20,unknown,Random scam/cop risk,Trades a bad box for something easier to fence.
regular_lady_divorce_trades_flat_screen_tv,regular-lady-divorce,flat_screen_tv,trade,npc_offers,"electronics, junk, mystery","electronics, practical",6,0.75,-20,20,unknown,Random scam/cop risk,Trades a bad box for something easier to fence.
regular_lady_divorce_trades_bluetooth_speaker,regular-lady-divorce,bluetooth_speaker,trade,npc_offers,"electronics, junk, mystery","electronics, portable",6,0.75,-20,20,unknown,Random scam/cop risk,Trades a bad box for something easier to fence.
regular_lady_divorce_trades_used_smartphone,regular-lady-divorce,used_smartphone,trade,npc_offers,"electronics, junk, mystery","electronics, portable",6,0.75,-20,20,unknown,Random scam/cop risk,Trades a bad box for something easier to fence.
regular_lady_divorce_trades_budget_laptop,regular-lady-divorce,budget_laptop,trade,npc_offers,"electronics, junk, mystery","computer, electronics, practical",6,0.75,-20,20,unknown,Random scam/cop risk,Trades a bad box for something easier to fence.
regular_lady_divorce_trades_mirrorless_camera,regular-lady-divorce,mirrorless_camera,trade,npc_offers,"electronics, junk, mystery","electronics, luxury",6,0.75,-20,20,unknown,Random scam/cop risk,Trades a bad box for something easier to fence.
regular_lady_divorce_trades_diamond_stud_earrings,regular-lady-divorce,diamond_stud_earrings,trade,npc_offers,"electronics, junk, mystery","jewelry, luxury",6,0.75,-20,20,unknown,Random scam/cop risk,Trades a bad box for something easier to fence.
regular_lady_divorce_trades_gold_bracelet,regular-lady-divorce,gold_bracelet,trade,npc_offers,"electronics, junk, mystery","jewelry, luxury",6,0.75,-20,20,unknown,Random scam/cop risk,Trades a bad box for something easier to fence.
regular_lady_divorce_trades_designer_sunglasses,regular-lady-divorce,designer_sunglasses,trade,npc_offers,"electronics, junk, mystery","luxury, portable",6,0.75,-20,20,unknown,Random scam/cop risk,Trades a bad box for something easier to fence.
regular_lady_divorce_trades_automatic_watch,regular-lady-divorce,automatic_watch,trade,npc_offers,"electronics, junk, mystery","watch, luxury, collectible",6,0.75,-20,20,unknown,Random scam/cop risk,Trades a bad box for something easier to fence.
regular_lady_divorce_trades_microwave_haunted,regular-lady-divorce,microwave_haunted,trade,npc_offers,"electronics, junk, mystery","appliance, junk, broken, cursed",6,0.75,-20,20,unknown,Random scam/cop risk,Trades a bad box for something easier to fence.
regular_lady_divorce_trades_gold_ring_engravings,regular-lady-divorce,gold_ring_engravings,trade,npc_offers,"electronics, junk, mystery","jewelry, luxury, suspicious",6,0.75,-20,20,unknown,Random scam/cop risk,Trades a bad box for something easier to fence.
money_jan_takai_buys_automatic_watch,money-jan-takai,automatic_watch,buy_from_shop,npc_requests,"watch, luxury, collectible",,4,0.8,0,0,,Low risk,Will buy junk if the price is pathetic.
money_jan_takai_buys_designer_sunglasses,money-jan-takai,designer_sunglasses,buy_from_shop,npc_requests,"luxury, portable",,4,0.8,0,0,,Low risk,Will buy junk if the price is pathetic.
money_jan_takai_buys_gold_bracelet,money-jan-takai,gold_bracelet,buy_from_shop,npc_requests,"jewelry, luxury",,4,0.8,0,0,,Low risk,Will buy junk if the price is pathetic.
money_jan_takai_buys_mirrorless_camera,money-jan-takai,mirrorless_camera,buy_from_shop,npc_requests,"electronics, luxury",,4,0.8,0,0,,Low risk,Will buy junk if the price is pathetic.
money_jan_takai_buys_luxury_handbag_fake,money-jan-takai,luxury_handbag_fake,buy_from_shop,npc_requests,"luxury, possibly_fake",,4,0.8,0,0,,Low risk,Will buy junk if the price is pathetic.
money_jan_takai_buys_gold_ring_engravings,money-jan-takai,gold_ring_engravings,buy_from_shop,npc_requests,"jewelry, luxury, suspicious",,4,0.8,0,0,,Low risk,Will buy junk if the price is pathetic.
money_jan_takai_buys_suspicious_gold_watch,money-jan-takai,suspicious_gold_watch,buy_from_shop,npc_requests,"watch, possibly_fake, luxury, suspicious",,4,0.8,0,0,,Low risk,Will buy junk if the price is pathetic.
money_jan_takai_sells_automatic_watch,money-jan-takai,automatic_watch,sell_to_shop,npc_offers,,"watch, luxury, collectible",8,0.4,0,0,,Scam risk +1,Cheap fake jewelry with confidence problems.
money_jan_takai_sells_designer_sunglasses,money-jan-takai,designer_sunglasses,sell_to_shop,npc_offers,,"luxury, portable",8,0.4,0,0,,Scam risk +1,Cheap fake jewelry with confidence problems.
money_jan_takai_sells_gold_bracelet,money-jan-takai,gold_bracelet,sell_to_shop,npc_offers,,"jewelry, luxury",8,0.4,0,0,,Scam risk +1,Cheap fake jewelry with confidence problems.
money_jan_takai_sells_diamond_stud_earrings,money-jan-takai,diamond_stud_earrings,sell_to_shop,npc_offers,,"jewelry, luxury",8,0.4,0,0,,Scam risk +1,Cheap fake jewelry with confidence problems.
money_jan_takai_sells_used_smartphone,money-jan-takai,used_smartphone,sell_to_shop,npc_offers,,"electronics, portable",8,0.4,0,0,,Scam risk +1,Cheap fake jewelry with confidence problems.
money_jan_takai_sells_smart_watch_locked,money-jan-takai,smart_watch_locked,sell_to_shop,npc_offers,,"watch, electronics, suspicious",8,0.4,0,0,,Scam risk +1,Cheap fake jewelry with confidence problems.
money_jan_takai_sells_luxury_handbag_fake,money-jan-takai,luxury_handbag_fake,sell_to_shop,npc_offers,,"luxury, possibly_fake",8,0.4,0,0,,Scam risk +1,Cheap fake jewelry with confidence problems.
money_jan_takai_sells_gold_ring_engravings,money-jan-takai,gold_ring_engravings,sell_to_shop,npc_offers,,"jewelry, luxury, suspicious",8,0.4,0,0,,Scam risk +1,Cheap fake jewelry with confidence problems.
money_jan_takai_sells_suspicious_gold_watch,money-jan-takai,suspicious_gold_watch,sell_to_shop,npc_offers,,"watch, possibly_fake, luxury, suspicious",8,0.4,0,0,,Scam risk +1,Cheap fake jewelry with confidence problems.
money_jan_takai_trades_fake_gold_chain,money-jan-takai,fake_gold_chain,trade,npc_offers,"electronics, junk, mystery","jewelry, fake, suspicious",6,0.75,-20,20,unknown,Random scam/cop risk,Trades a bad box for something easier to fence.
money_jan_takai_trades_suspicious_gold_watch,money-jan-takai,suspicious_gold_watch,trade,npc_offers,"electronics, junk, mystery","watch, possibly_fake, luxury, suspicious",6,0.75,-20,20,unknown,Random scam/cop risk,Trades a bad box for something easier to fence.
money_jan_takai_trades_gold_ring_engravings,money-jan-takai,gold_ring_engravings,trade,npc_offers,"electronics, junk, mystery","jewelry, luxury, suspicious",6,0.75,-20,20,unknown,Random scam/cop risk,Trades a bad box for something easier to fence.
money_jan_takai_trades_luxury_handbag_fake,money-jan-takai,luxury_handbag_fake,trade,npc_offers,"electronics, junk, mystery","luxury, possibly_fake",6,0.75,-20,20,unknown,Random scam/cop risk,Trades a bad box for something easier to fence.
money_jan_takai_trades_smart_watch_locked,money-jan-takai,smart_watch_locked,trade,npc_offers,"electronics, junk, mystery","watch, electronics, suspicious",6,0.75,-20,20,unknown,Random scam/cop risk,Trades a bad box for something easier to fence.
money_jan_takai_trades_mirrorless_camera,money-jan-takai,mirrorless_camera,trade,npc_offers,"electronics, junk, mystery","electronics, luxury",6,0.75,-20,20,unknown,Random scam/cop risk,Trades a bad box for something easier to fence.
money_jan_takai_trades_gold_bracelet,money-jan-takai,gold_bracelet,trade,npc_offers,"electronics, junk, mystery","jewelry, luxury",6,0.75,-20,20,unknown,Random scam/cop risk,Trades a bad box for something easier to fence.
money_jan_takai_trades_diamond_stud_earrings,money-jan-takai,diamond_stud_earrings,trade,npc_offers,"electronics, junk, mystery","jewelry, luxury",6,0.75,-20,20,unknown,Random scam/cop risk,Trades a bad box for something easier to fence.
money_jan_takai_trades_designer_sunglasses,money-jan-takai,designer_sunglasses,trade,npc_offers,"electronics, junk, mystery","luxury, portable",6,0.75,-20,20,unknown,Random scam/cop risk,Trades a bad box for something easier to fence.
money_jan_takai_trades_automatic_watch,money-jan-takai,automatic_watch,trade,npc_offers,"electronics, junk, mystery","watch, luxury, collectible",6,0.75,-20,20,unknown,Random scam/cop risk,Trades a bad box for something easier to fence.
regular_mr_tourist_buys_fake_gold_chain,regular-mr-tourist,fake_gold_chain,buy_from_shop,npc_requests,"jewelry, fake, suspicious",,4,0.8,0,0,,Low risk,Will buy junk if the price is pathetic.
regular_mr_tourist_buys_suspicious_gold_watch,regular-mr-tourist,suspicious_gold_watch,buy_from_shop,npc_requests,"watch, possibly_fake, luxury, suspicious",,4,0.8,0,0,,Low risk,Will buy junk if the price is pathetic.
regular_mr_tourist_buys_baseball_card_box,regular-mr-tourist,baseball_card_box,buy_from_shop,npc_requests,"collectible, mystery",,4,0.8,0,0,,Low risk,Will buy junk if the price is pathetic.
regular_mr_tourist_buys_rare_action_figure,regular-mr-tourist,rare_action_figure,buy_from_shop,npc_requests,"collectible, rare, broken",,4,0.8,0,0,,Low risk,Will buy junk if the price is pathetic.
regular_mr_tourist_buys_pocket_knife,regular-mr-tourist,pocket_knife,buy_from_shop,npc_requests,weapon,,4,0.8,0,0,,Low risk,Will buy junk if the price is pathetic.
regular_mr_tourist_buys_luxury_handbag_fake,regular-mr-tourist,luxury_handbag_fake,buy_from_shop,npc_requests,"luxury, possibly_fake",,4,0.8,0,0,,Low risk,Will buy junk if the price is pathetic.
regular_mr_tourist_buys_sealed_mystery_box,regular-mr-tourist,sealed_mystery_box,buy_from_shop,npc_requests,"mystery, suspicious",,4,0.8,0,0,,Low risk,Will buy junk if the price is pathetic.
regular_mr_tourist_buys_smart_watch_locked,regular-mr-tourist,smart_watch_locked,buy_from_shop,npc_requests,"watch, electronics, suspicious",,4,0.8,0,0,,Low risk,Will buy junk if the price is pathetic.
regular_mr_tourist_buys_bluetooth_speaker,regular-mr-tourist,bluetooth_speaker,buy_from_shop,npc_requests,"electronics, portable",,4,0.8,0,0,,Low risk,Will buy junk if the price is pathetic.
regular_mr_tourist_buys_used_smartphone,regular-mr-tourist,used_smartphone,buy_from_shop,npc_requests,"electronics, portable",,4,0.8,0,0,,Low risk,Will buy junk if the price is pathetic.
regular_mr_tourist_buys_budget_laptop,regular-mr-tourist,budget_laptop,buy_from_shop,npc_requests,"computer, electronics, practical",,4,0.8,0,0,,Low risk,Will buy junk if the price is pathetic.
regular_mr_tourist_buys_mirrorless_camera,regular-mr-tourist,mirrorless_camera,buy_from_shop,npc_requests,"electronics, luxury",,4,0.8,0,0,,Low risk,Will buy junk if the price is pathetic.
regular_mr_tourist_sells_gold_bracelet,regular-mr-tourist,gold_bracelet,sell_to_shop,npc_offers,,"jewelry, luxury",8,0.4,0,0,,Scam risk +1,Cheap fake jewelry with confidence problems.
regular_mr_tourist_sells_diamond_stud_earrings,regular-mr-tourist,diamond_stud_earrings,sell_to_shop,npc_offers,,"jewelry, luxury",8,0.4,0,0,,Scam risk +1,Cheap fake jewelry with confidence problems.
regular_mr_tourist_buys_designer_sunglasses,regular-mr-tourist,designer_sunglasses,buy_from_shop,npc_requests,"luxury, portable",,4,0.8,0,0,,Low risk,Will buy junk if the price is pathetic.
regular_mr_tourist_buys_automatic_watch,regular-mr-tourist,automatic_watch,buy_from_shop,npc_requests,"watch, luxury, collectible",,4,0.8,0,0,,Low risk,Will buy junk if the price is pathetic.
regular_mrs_tourist_sells_fake_gold_chain,regular-mrs-tourist,fake_gold_chain,sell_to_shop,npc_offers,,"jewelry, fake, suspicious",4,0.74,0,0,good,Low risk,Says it no longer matches the vacation mood or the credit-card statement.
regular_mrs_tourist_sells_suspicious_gold_watch,regular-mrs-tourist,suspicious_gold_watch,sell_to_shop,npc_offers,,"watch, possibly_fake, luxury, suspicious",4,0.74,0,0,good,Low risk,Says it no longer matches the vacation mood or the credit-card statement.
regular_mrs_tourist_buys_automatic_watch,regular-mrs-tourist,automatic_watch,buy_from_shop,npc_requests,"watch, luxury, collectible",,5,1.06,0,0,,Low risk,Wants designer shade for sightseeing and financial denial.
regular_mrs_tourist_buys_mirrorless_camera,regular-mrs-tourist,mirrorless_camera,buy_from_shop,npc_requests,"electronics, luxury",,5,1.06,0,0,,Low risk,Wants designer shade for sightseeing and financial denial.
regular_mrs_tourist_sells_diamond_stud_earrings,regular-mrs-tourist,diamond_stud_earrings,sell_to_shop,npc_offers,,"jewelry, luxury",4,0.74,0,0,good,Low risk,Says it no longer matches the vacation mood or the credit-card statement.
regular_mrs_tourist_sells_luxury_handbag_fake,regular-mrs-tourist,luxury_handbag_fake,sell_to_shop,npc_offers,,"luxury, possibly_fake",4,0.74,0,0,good,Low risk,Says it no longer matches the vacation mood or the credit-card statement.
regular_mrs_tourist_sells_gold_ring_engravings,regular-mrs-tourist,gold_ring_engravings,sell_to_shop,npc_offers,,"jewelry, luxury, suspicious",4,0.74,0,0,good,Low risk,Says it no longer matches the vacation mood or the credit-card statement.
regular_mrs_tourist_sells_budget_laptop,regular-mrs-tourist,budget_laptop,sell_to_shop,npc_offers,,"computer, electronics, practical",4,0.74,0,0,good,Low risk,Says it no longer matches the vacation mood or the credit-card statement.
street_crackhead_buys_pocket_knife,street-crackhead,pocket_knife,buy_from_shop,npc_requests,weapon,,3,0.75,0,0,,Scam risk if oversold,May buy cursed junk because rent is already cursed.
street_crackhead_buys_rusty_revolver_prop,street-crackhead,rusty_revolver_prop,buy_from_shop,npc_requests,"weapon, suspicious, hot",,3,0.75,0,0,,Scam risk if oversold,May buy cursed junk because rent is already cursed.
street_crackhead_buys_bolt_cutters,street-crackhead,bolt_cutters,buy_from_shop,npc_requests,"tool, suspicious",,3,0.75,0,0,,Scam risk if oversold,May buy cursed junk because rent is already cursed.
street_crackhead_sells_flat_screen_tv,street-crackhead,flat_screen_tv,sell_to_shop,npc_offers,,"electronics, practical",8,0.4,0,0,,Scam risk +1,Cheap fake jewelry with confidence problems.
street_crackhead_buys_gas_station_speed,street-crackhead,gas_station_speed,buy_from_shop,npc_requests,"vice, consumable, suspicious",,2.6,0.78,0,0,,Scam risk if oversold,Narrow vice request that should stay away from normal merchandise.
street_crackhead_buys_cigarettes,street-crackhead,cigarettes,buy_from_shop,npc_requests,"vice, consumable, junk",,2.2,0.72,0,0,,Low risk,Narrow cheap vice request.
street_crackhead_buys_pistol,street-crackhead,pistol,buy_from_shop,npc_requests,"weapon, suspicious, hot",,0.7,0.86,0,0,,Cop/thug risk if suspicious,Narrow high-risk street weapon request.
street_crackhead_buys_mace,street-crackhead,mace,buy_from_shop,npc_requests,"weapon, suspicious, portable",,1.2,0.78,0,0,,Cop risk if suspicious,Narrow defensive street weapon request.
street_junkie_buys_gas_station_speed,street-junkie,gas_station_speed,buy_from_shop,npc_requests,"vice, consumable, suspicious",,2.6,0.80,0,0,,Scam risk if oversold,Narrow vice request.
street_junkie_buys_whippets,street-junkie,nitrous_oxide_whippet_canisters,buy_from_shop,npc_requests,"vice, consumable, suspicious",,2.4,0.82,0,0,,Cop risk if suspicious,Narrow party vice request.
street_junkie_buys_cigarettes,street-junkie,cigarettes,buy_from_shop,npc_requests,"vice, consumable, junk",,2.0,0.74,0,0,,Low risk,Narrow cheap vice request.
street_junkie_buys_booze,street-junkie,bottle_of_booze,buy_from_shop,npc_requests,"vice, consumable",,1.8,0.76,0,0,,Low risk,Narrow alcohol request.
street_junkie_buys_malt_liquor,street-junkie,forty_oz_malt_liquor,buy_from_shop,npc_requests,"vice, consumable, junk",,1.8,0.72,0,0,,Low risk,Narrow very cheap alcohol request.
street_bum_buys_booze,street-bum,bottle_of_booze,buy_from_shop,npc_requests,"vice, consumable",,2.0,0.70,0,0,,Low risk,Narrow alcohol request.
street_bum_buys_malt_liquor,street-bum,forty_oz_malt_liquor,buy_from_shop,npc_requests,"vice, consumable, junk",,2.2,0.68,0,0,,Low risk,Narrow very cheap alcohol request.
street_bum_buys_cigarettes,street-bum,cigarettes,buy_from_shop,npc_requests,"vice, consumable, junk",,1.8,0.68,0,0,,Low risk,Narrow cheap vice request.
street_bum_buys_mace,street-bum,mace,buy_from_shop,npc_requests,"weapon, suspicious, portable",,0.8,0.70,0,0,,Cop risk if suspicious,Narrow defensive item request.
street_bum_buys_baton,street-bum,baton,buy_from_shop,npc_requests,"weapon, suspicious, practical",,0.7,0.70,0,0,,Cop risk if suspicious,Narrow street weapon request.
street_junkie_sells_booze,street-junkie,bottle_of_booze,sell_to_shop,npc_offers,,"vice, consumable",4,0.46,0,0,used,Low risk,A bottle and a story both half full.
street_bum_sells_malt_liquor,street-bum,forty_oz_malt_liquor,sell_to_shop,npc_offers,,"vice, consumable, junk",6,0.30,0,0,used,Low risk,Tiny margin sidewalk economy.
street_bum_sells_cigarettes,street-bum,cigarettes,sell_to_shop,npc_offers,,"vice, consumable, junk, portable",5,0.32,0,0,used,Low risk,Practical vice pocket clutter.
street_bum_sells_baton,street-bum,baton,sell_to_shop,npc_offers,,"weapon, suspicious, practical",1.5,0.42,0,0,used,Cop risk +1,An old baton with no clean explanation.
vice_arty_buys_gas_station_speed,vice-addict-arty,gas_station_speed,buy_from_shop,npc_requests,"vice, consumable, suspicious",,2.4,0.82,0,0,,Scam risk if oversold,Arty wants cheap vice that looks injured.
vice_arty_buys_cigarettes,vice-addict-arty,cigarettes,buy_from_shop,npc_requests,"vice, consumable, junk",,2.0,0.76,0,0,,Low risk,Cheap vice request.
vice_arty_buys_malt_liquor,vice-addict-arty,forty_oz_malt_liquor,buy_from_shop,npc_requests,"vice, consumable, junk",,1.6,0.74,0,0,,Low risk,Very cheap vice request.
vice_carlo_buys_brass_knuckles,vice-clepto-carlo,brass_knuckles,buy_from_shop,npc_requests,"weapon, suspicious, vice, portable",,1.8,0.92,0,0,,Cop risk if suspicious,Carlo wants small street weapons.
vice_carlo_buys_mace,vice-clepto-carlo,mace,buy_from_shop,npc_requests,"weapon, suspicious, portable",,1.5,0.88,0,0,,Cop risk if suspicious,Defensive gear with flexible ownership.
vice_danny_sells_pistol,vice-dealer-danny,pistol,sell_to_shop,npc_offers,,"weapon, suspicious, hot",0.8,0.58,0,0,questionable,Cop risk +3; thug risk +1,High-risk weapon with too little paperwork.
vice_danny_sells_whippets,vice-dealer-danny,nitrous_oxide_whippet_canisters,sell_to_shop,npc_offers,,"vice, consumable, suspicious",3,0.58,0,0,used,Cop risk +1,Party goods through a dealer filter.
vice_remy_buys_whippets,vice-raver-remy,nitrous_oxide_whippet_canisters,buy_from_shop,npc_requests,"vice, consumable, suspicious",,2.4,0.98,0,0,,Cop risk if suspicious,Remy wants party inventory.
vice_remy_buys_booze,vice-raver-remy,bottle_of_booze,buy_from_shop,npc_requests,"vice, consumable",,1.3,0.88,0,0,,Low risk,Nightlife alcohol request.
vice_remy_sells_whippets,vice-raver-remy,nitrous_oxide_whippet_canisters,sell_to_shop,npc_offers,,"vice, consumable, suspicious",3.2,0.58,0,0,used,Cop risk +1,Party leftovers with bass still ringing.
hustler_shorty_buys_pistol,hustler-shorty,pistol,buy_from_shop,npc_requests,"weapon, suspicious, hot",,0.8,1.02,0,0,,Thug risk if insulted,Shorty wants dangerous status only rarely.
hustler_shorty_buys_brass_knuckles,hustler-shorty,brass_knuckles,buy_from_shop,npc_requests,"weapon, suspicious, vice, portable",,1.0,0.95,0,0,,Thug risk if insulted,Small street weapon demand.
tracksuit_legs_buys_pistol,tracksuit-legs,pistol,buy_from_shop,npc_requests,"weapon, suspicious, hot",,0.8,1.02,0,0,,Thug risk if insulted,Tracksuit demand for serious risky goods.
tracksuit_slim_buys_baton,tracksuit-slim,baton,buy_from_shop,npc_requests,"weapon, suspicious, practical",,1.0,0.92,0,0,,Thug risk if insulted,Tracksuit demand for practical street weapons.
street_crackhead_buys_forty_oz_malt_liquor,street-crackhead,forty_oz_malt_liquor,buy_from_shop,npc_requests,"vice, consumable, junk",,3,0.75,0,0,,Scam risk if oversold,May buy cursed junk because rent is already cursed.
street_crackhead_buys_nitrous_oxide_whippet_canisters,street-crackhead,nitrous_oxide_whippet_canisters,buy_from_shop,npc_requests,"vice, consumable, suspicious",,3,0.75,0,0,,Scam risk if oversold,May buy cursed junk because rent is already cursed.
street_crackhead_buys_baton,street-crackhead,baton,buy_from_shop,npc_requests,"weapon, suspicious, practical",,3,0.75,0,0,,Scam risk if oversold,May buy cursed junk because rent is already cursed.
street_crackhead_buys_brass_knuckles,street-crackhead,brass_knuckles,buy_from_shop,npc_requests,"weapon, suspicious, vice, portable",,3,0.75,0,0,,Scam risk if oversold,May buy cursed junk because rent is already cursed.
street_crackhead_buys_bottle_of_booze,street-crackhead,bottle_of_booze,buy_from_shop,npc_requests,"vice, consumable",,3,0.75,0,0,,Scam risk if oversold,May buy cursed junk because rent is already cursed.
street_bum_buys_pistol,street-bum,pistol,buy_from_shop,npc_requests,"weapon, suspicious, hot",,3,0.75,0,0,,Scam risk if oversold,May buy cursed junk because rent is already cursed.
street_bum_buys_brass_knuckles,street-bum,brass_knuckles,buy_from_shop,npc_requests,"weapon, suspicious, vice, portable",,3,0.75,0,0,,Scam risk if oversold,May buy cursed junk because rent is already cursed.
street_bum_buys_gas_station_speed,street-bum,gas_station_speed,buy_from_shop,npc_requests,"vice, consumable, suspicious",,3,0.75,0,0,,Scam risk if oversold,May buy cursed junk because rent is already cursed.
street_bum_buys_nitrous_oxide_whippet_canisters,street-bum,nitrous_oxide_whippet_canisters,buy_from_shop,npc_requests,"vice, consumable, suspicious",,3,0.75,0,0,,Scam risk if oversold,May buy cursed junk because rent is already cursed.
street_bum_buys_bolt_cutters,street-bum,bolt_cutters,buy_from_shop,npc_requests,"tool, suspicious",,2.0,0.70,0,0,,Low risk,Narrow alcohol request.
street_bum_buys_pocket_knife,street-bum,pocket_knife,buy_from_shop,npc_requests,weapon,,2.0,0.70,0,0,,Low risk,Narrow alcohol request.
street_bum_buys_rusty_revolver_prop,street-bum,rusty_revolver_prop,buy_from_shop,npc_requests,"weapon, suspicious, hot",,2.0,0.70,0,0,,Low risk,Narrow alcohol request.
street_junkie_buys_mace,street-junkie,mace,buy_from_shop,npc_requests,"weapon, suspicious, portable",,4,0.8,0,0,,Scam risk if lied to,Will buy cracked electronics if the pitch is desperate enough.
street_junkie_buys_baton,street-junkie,baton,buy_from_shop,npc_requests,"weapon, suspicious, practical",,4,0.8,0,0,,Scam risk if lied to,Will buy cracked electronics if the pitch is desperate enough.
street_junkie_buys_brass_knuckles,street-junkie,brass_knuckles,buy_from_shop,npc_requests,"weapon, suspicious, vice, portable",,4,0.8,0,0,,Scam risk if lied to,Will buy cracked electronics if the pitch is desperate enough.
street_junkie_buys_pistol,street-junkie,pistol,buy_from_shop,npc_requests,"weapon, suspicious, hot",,4,0.8,0,0,,Scam risk if lied to,Will buy cracked electronics if the pitch is desperate enough.
street_junkie_buys_bolt_cutters,street-junkie,bolt_cutters,buy_from_shop,npc_requests,"tool, suspicious",,2.6,0.80,0,0,,Scam risk if oversold,Narrow vice request.
street_junkie_buys_rusty_revolver_prop,street-junkie,rusty_revolver_prop,buy_from_shop,npc_requests,"weapon, suspicious, hot",,2.6,0.80,0,0,,Scam risk if oversold,Narrow vice request.
street_junkie_buys_pocket_knife,street-junkie,pocket_knife,buy_from_shop,npc_requests,weapon,,2.6,0.80,0,0,,Scam risk if oversold,Narrow vice request.
regular_grandma_slots_sells_microwave_haunted,regular-grandma-slots,microwave_haunted,sell_to_shop,npc_offers,,"appliance, junk, broken, cursed",8,0.4,0,0,,Scam risk +1,Cheap fake jewelry with confidence problems.
regular_grandma_slots_sells_fake_gold_chain,regular-grandma-slots,fake_gold_chain,sell_to_shop,npc_offers,,"jewelry, fake, suspicious",8,0.4,0,0,,Scam risk +1,Cheap fake jewelry with confidence problems.
regular_grandma_slots_sells_suspicious_gold_watch,regular-grandma-slots,suspicious_gold_watch,sell_to_shop,npc_offers,,"watch, possibly_fake, luxury, suspicious",8,0.4,0,0,,Scam risk +1,Cheap fake jewelry with confidence problems.
regular_grandma_slots_sells_cracked_tablet,regular-grandma-slots,cracked_tablet,sell_to_shop,npc_offers,,"electronics, broken",8,0.4,0,0,,Scam risk +1,Cheap fake jewelry with confidence problems.
regular_grandma_slots_sells_cordless_drill,regular-grandma-slots,cordless_drill,sell_to_shop,npc_offers,,"tool, repairable",8,0.4,0,0,,Scam risk +1,Cheap fake jewelry with confidence problems.
regular_grandma_slots_sells_bolt_cutters,regular-grandma-slots,bolt_cutters,sell_to_shop,npc_offers,,"tool, suspicious",8,0.4,0,0,,Scam risk +1,Cheap fake jewelry with confidence problems.
regular_grandma_slots_sells_pawn_shop_guitar,regular-grandma-slots,pawn_shop_guitar,sell_to_shop,npc_offers,,"instrument, repairable",8,0.4,0,0,,Scam risk +1,Cheap fake jewelry with confidence problems.
regular_grandma_slots_sells_gold_ring_engravings,regular-grandma-slots,gold_ring_engravings,sell_to_shop,npc_offers,,"jewelry, luxury, suspicious",8,0.4,0,0,,Scam risk +1,Cheap fake jewelry with confidence problems.
regular_grandma_slots_sells_baseball_card_box,regular-grandma-slots,baseball_card_box,sell_to_shop,npc_offers,,"collectible, mystery",8,0.4,0,0,,Scam risk +1,Cheap fake jewelry with confidence problems.
regular_grandma_slots_sells_rare_action_figure,regular-grandma-slots,rare_action_figure,sell_to_shop,npc_offers,,"collectible, rare, broken",8,0.4,0,0,,Scam risk +1,Cheap fake jewelry with confidence problems.
regular_grandma_slots_sells_pocket_knife,regular-grandma-slots,pocket_knife,sell_to_shop,npc_offers,,weapon,8,0.4,0,0,,Scam risk +1,Cheap fake jewelry with confidence problems.
regular_grandma_slots_sells_luxury_handbag_fake,regular-grandma-slots,luxury_handbag_fake,sell_to_shop,npc_offers,,"luxury, possibly_fake",8,0.4,0,0,,Scam risk +1,Cheap fake jewelry with confidence problems.
regular_grandma_slots_sells_sealed_mystery_box,regular-grandma-slots,sealed_mystery_box,sell_to_shop,npc_offers,,"mystery, suspicious",8,0.4,0,0,,Scam risk +1,Cheap fake jewelry with confidence problems.
regular_grandma_slots_sells_stolen_bike_wheel,regular-grandma-slots,stolen_bike_wheel,sell_to_shop,npc_offers,,"tool, stolen, hot, suspicious",8,0.4,0,0,,Scam risk +1,Cheap fake jewelry with confidence problems.
regular_grandma_slots_sells_dvd_stack,regular-grandma-slots,dvd_stack,sell_to_shop,npc_offers,,"collectible, junk",8,0.4,0,0,,Scam risk +1,Cheap fake jewelry with confidence problems.
regular_grandma_slots_sells_smart_watch_locked,regular-grandma-slots,smart_watch_locked,sell_to_shop,npc_offers,,"watch, electronics, suspicious",8,0.4,0,0,,Scam risk +1,Cheap fake jewelry with confidence problems.
regular_grandma_slots_sells_silverware_bundle,regular-grandma-slots,silverware_bundle,sell_to_shop,npc_offers,,"jewelry, possibly_fake, suspicious",8,0.4,0,0,,Scam risk +1,Cheap fake jewelry with confidence problems.
regular_grandma_slots_sells_countertop_blender,regular-grandma-slots,countertop_blender,sell_to_shop,npc_offers,,"appliance, practical",8,0.4,0,0,,Scam risk +1,Cheap fake jewelry with confidence problems.
regular_grandma_slots_sells_air_fryer,regular-grandma-slots,air_fryer,sell_to_shop,npc_offers,,"appliance, practical",8,0.4,0,0,,Scam risk +1,Cheap fake jewelry with confidence problems.
regular_grandma_slots_sells_shop_vac,regular-grandma-slots,shop_vac,sell_to_shop,npc_offers,,"appliance, practical, repairable",8,0.4,0,0,,Scam risk +1,Cheap fake jewelry with confidence problems.
regular_grandma_slots_sells_used_smartphone,regular-grandma-slots,used_smartphone,sell_to_shop,npc_offers,,"electronics, portable",8,0.4,0,0,,Scam risk +1,Cheap fake jewelry with confidence problems.
regular_grandma_slots_sells_budget_laptop,regular-grandma-slots,budget_laptop,sell_to_shop,npc_offers,,"computer, electronics, practical",8,0.4,0,0,,Scam risk +1,Cheap fake jewelry with confidence problems.
regular_grandma_slots_sells_mirrorless_camera,regular-grandma-slots,mirrorless_camera,sell_to_shop,npc_offers,,"electronics, luxury",8,0.4,0,0,,Scam risk +1,Cheap fake jewelry with confidence problems.
regular_grandma_slots_sells_circular_saw,regular-grandma-slots,circular_saw,sell_to_shop,npc_offers,,"tool, repairable, practical",8,0.4,0,0,,Scam risk +1,Cheap fake jewelry with confidence problems.
regular_grandma_slots_sells_socket_set,regular-grandma-slots,socket_set,sell_to_shop,npc_offers,,"tool, practical",8,0.4,0,0,,Scam risk +1,Cheap fake jewelry with confidence problems.
regular_grandma_slots_sells_pressure_washer,regular-grandma-slots,pressure_washer,sell_to_shop,npc_offers,,"tool, practical, repairable",8,0.4,0,0,,Scam risk +1,Cheap fake jewelry with confidence problems.
regular_grandma_slots_sells_electric_guitar,regular-grandma-slots,electric_guitar,sell_to_shop,npc_offers,,"instrument, collectible",8,0.4,0,0,,Scam risk +1,Cheap fake jewelry with confidence problems.
regular_grandma_slots_sells_student_saxophone,regular-grandma-slots,student_saxophone,sell_to_shop,npc_offers,,"instrument, collectible, repairable",8,0.4,0,0,,Scam risk +1,Cheap fake jewelry with confidence problems.
regular_grandma_slots_sells_diamond_stud_earrings,regular-grandma-slots,diamond_stud_earrings,sell_to_shop,npc_offers,,"jewelry, luxury",8,0.4,0,0,,Scam risk +1,Cheap fake jewelry with confidence problems.
regular_grandma_slots_sells_gold_bracelet,regular-grandma-slots,gold_bracelet,sell_to_shop,npc_offers,,"jewelry, luxury",8,0.4,0,0,,Scam risk +1,Cheap fake jewelry with confidence problems.
regular_grandma_slots_sells_designer_sunglasses,regular-grandma-slots,designer_sunglasses,sell_to_shop,npc_offers,,"luxury, portable",8,0.4,0,0,,Scam risk +1,Cheap fake jewelry with confidence problems.
regular_grandma_slots_sells_automatic_watch,regular-grandma-slots,automatic_watch,sell_to_shop,npc_offers,,"watch, luxury, collectible",8,0.4,0,0,,Scam risk +1,Cheap fake jewelry with confidence problems.
regular_grandma_slots_sells_pistol,regular-grandma-slots,pistol,sell_to_shop,npc_offers,,"weapon, suspicious, hot",8,0.4,0,0,,Scam risk +1,Cheap fake jewelry with confidence problems.
regular_grandma_slots_buys_microwave_haunted,regular-grandma-slots,microwave_haunted,buy_from_shop,npc_requests,"appliance, junk, broken, cursed",,5,1.2,0,0,,Cop/thug risk if suspicious,He does not ask whether it works. That is worse.
regular_grandma_slots_buys_silverware_bundle,regular-grandma-slots,silverware_bundle,buy_from_shop,npc_requests,"jewelry, possibly_fake, suspicious",,5,1.2,0,0,,Cop/thug risk if suspicious,He does not ask whether it works. That is worse.
regular_grandma_slots_buys_air_fryer,regular-grandma-slots,air_fryer,buy_from_shop,npc_requests,"appliance, practical",,5,1.2,0,0,,Cop/thug risk if suspicious,He does not ask whether it works. That is worse.
regular_grandma_slots_buys_shop_vac,regular-grandma-slots,shop_vac,buy_from_shop,npc_requests,"appliance, practical, repairable",,5,1.2,0,0,,Cop/thug risk if suspicious,He does not ask whether it works. That is worse.
regular_grandma_slots_buys_gas_station_speed,regular-grandma-slots,gas_station_speed,buy_from_shop,npc_requests,"vice, consumable, suspicious",,5,1.2,0,0,,Cop/thug risk if suspicious,He does not ask whether it works. That is worse.
regular_grandma_slots_buys_cigarettes,regular-grandma-slots,cigarettes,buy_from_shop,npc_requests,"vice, consumable, junk, portable",,5,1.2,0,0,,Cop/thug risk if suspicious,He does not ask whether it works. That is worse.
regular_grandma_slots_buys_forty_oz_malt_liquor,regular-grandma-slots,forty_oz_malt_liquor,buy_from_shop,npc_requests,"vice, consumable, junk",,5,1.2,0,0,,Cop/thug risk if suspicious,He does not ask whether it works. That is worse.
regular_grandma_slots_buys_pistol,regular-grandma-slots,pistol,buy_from_shop,npc_requests,"weapon, suspicious, hot",,5,1.2,0,0,,Cop/thug risk if suspicious,He does not ask whether it works. That is worse.
regular_grandma_slots_trades_forty_oz_malt_liquor,regular-grandma-slots,forty_oz_malt_liquor,trade,npc_offers,"electronics, junk, mystery","vice, consumable, junk",6,0.75,-20,20,unknown,Random scam/cop risk,Trades a bad box for something easier to fence.
regular_grandma_slots_trades_gas_station_speed,regular-grandma-slots,gas_station_speed,trade,npc_offers,"electronics, junk, mystery","vice, consumable, suspicious",6,0.75,-20,20,unknown,Random scam/cop risk,Trades a bad box for something easier to fence.
regular_grandma_slots_trades_cigarettes,regular-grandma-slots,cigarettes,trade,npc_offers,"electronics, junk, mystery","vice, consumable, junk, portable",6,0.75,-20,20,unknown,Random scam/cop risk,Trades a bad box for something easier to fence.
regular_grandma_slots_trades_pistol,regular-grandma-slots,pistol,trade,npc_offers,"electronics, junk, mystery","weapon, suspicious, hot",6,0.75,-20,20,unknown,Random scam/cop risk,Trades a bad box for something easier to fence.
regular_grandma_slots_trades_brass_knuckles,regular-grandma-slots,brass_knuckles,trade,npc_offers,"electronics, junk, mystery","weapon, suspicious, vice, portable",6,0.75,-20,20,unknown,Random scam/cop risk,Trades a bad box for something easier to fence.
regular_grandma_slots_trades_baton,regular-grandma-slots,baton,trade,npc_offers,"electronics, junk, mystery","weapon, suspicious, practical",6,0.75,-20,20,unknown,Random scam/cop risk,Trades a bad box for something easier to fence.
regular_grandma_slots_trades_mace,regular-grandma-slots,mace,trade,npc_offers,"electronics, junk, mystery","weapon, suspicious, portable",6,0.75,-20,20,unknown,Random scam/cop risk,Trades a bad box for something easier to fence.
regular_grandma_slots_buys_mace,regular-grandma-slots,mace,buy_from_shop,npc_requests,"weapon, suspicious, portable",,5,1.2,0,0,,Cop/thug risk if suspicious,He does not ask whether it works. That is worse.
regular_grandma_slots_buys_baton,regular-grandma-slots,baton,buy_from_shop,npc_requests,"weapon, suspicious, practical",,5,1.2,0,0,,Cop/thug risk if suspicious,He does not ask whether it works. That is worse.
regular_grandma_slots_buys_brass_knuckles,regular-grandma-slots,brass_knuckles,buy_from_shop,npc_requests,"weapon, suspicious, vice, portable",,5,1.2,0,0,,Cop/thug risk if suspicious,He does not ask whether it works. That is worse.
vice_raver_remy_buys_mace,vice-raver-remy,mace,buy_from_shop,npc_requests,"weapon, suspicious, portable",,6,1.02,0,0,,Low risk,Wants a speaker loud enough to erase Tuesday.
vice_raver_remy_buys_forty_oz_malt_liquor,vice-raver-remy,forty_oz_malt_liquor,buy_from_shop,npc_requests,"vice, consumable, junk",,6,1.02,0,0,,Low risk,Wants a speaker loud enough to erase Tuesday.
vice_raver_remy_buys_gas_station_speed,vice-raver-remy,gas_station_speed,buy_from_shop,npc_requests,"vice, consumable, suspicious",,6,1.02,0,0,,Low risk,Wants a speaker loud enough to erase Tuesday.
vice_raver_remy_buys_cigarettes,vice-raver-remy,cigarettes,buy_from_shop,npc_requests,"vice, consumable, junk, portable",,6,1.02,0,0,,Low risk,Wants a speaker loud enough to erase Tuesday.
vice_raver_remy_buys_baton,vice-raver-remy,baton,buy_from_shop,npc_requests,"weapon, suspicious, practical",,6,1.02,0,0,,Low risk,Wants a speaker loud enough to erase Tuesday.
vice_raver_remy_buys_brass_knuckles,vice-raver-remy,brass_knuckles,buy_from_shop,npc_requests,"weapon, suspicious, vice, portable",,6,1.02,0,0,,Low risk,Wants a speaker loud enough to erase Tuesday.
vice_raver_remy_buys_pistol,vice-raver-remy,pistol,buy_from_shop,npc_requests,"weapon, suspicious, hot",,6,1.02,0,0,,Low risk,Wants a speaker loud enough to erase Tuesday.
vice_raver_remy_buys_gold_bracelet,vice-raver-remy,gold_bracelet,buy_from_shop,npc_requests,"jewelry, luxury",,6,1.02,0,0,,Low risk,Wants a speaker loud enough to erase Tuesday.
vice_raver_remy_buys_designer_sunglasses,vice-raver-remy,designer_sunglasses,buy_from_shop,npc_requests,"luxury, portable",,6,1.02,0,0,,Low risk,Wants a speaker loud enough to erase Tuesday.
vice_raver_remy_buys_diamond_stud_earrings,vice-raver-remy,diamond_stud_earrings,buy_from_shop,npc_requests,"jewelry, luxury",,6,1.02,0,0,,Low risk,Wants a speaker loud enough to erase Tuesday.
vice_raver_remy_buys_dj_turntable,vice-raver-remy,dj_turntable,buy_from_shop,npc_requests,"electronics, collectible",,6,1.02,0,0,,Low risk,Wants a speaker loud enough to erase Tuesday.
vice_raver_remy_buys_bluetooth_speaker,vice-raver-remy,bluetooth_speaker,buy_from_shop,npc_requests,"electronics, portable",,2.4,0.98,0,0,,Cop risk if suspicious,Remy wants party inventory.
vice_raver_remy_buys_luxury_handbag_fake,vice-raver-remy,luxury_handbag_fake,buy_from_shop,npc_requests,"luxury, possibly_fake",,2.4,0.98,0,0,,Cop risk if suspicious,Remy wants party inventory.
vice_raver_remy_buys_pocket_knife,vice-raver-remy,pocket_knife,buy_from_shop,npc_requests,weapon,,2.4,0.98,0,0,,Cop risk if suspicious,Remy wants party inventory.
vice_raver_remy_buys_bolt_cutters,vice-raver-remy,bolt_cutters,buy_from_shop,npc_requests,"tool, suspicious",,2.4,0.98,0,0,,Cop risk if suspicious,Remy wants party inventory.
vice_raver_remy_sells_fake_gold_chain,vice-raver-remy,fake_gold_chain,sell_to_shop,npc_offers,,"jewelry, fake, suspicious",5,0.70,0,0,good,Low risk; scam risk if oversold,A turntable from a party that outlived the lease.
vice_raver_remy_sells_suspicious_gold_watch,vice-raver-remy,suspicious_gold_watch,sell_to_shop,npc_offers,,"watch, possibly_fake, luxury, suspicious",5,0.70,0,0,good,Low risk; scam risk if oversold,A turntable from a party that outlived the lease.
vice_raver_remy_sells_gas_station_speed,vice-raver-remy,gas_station_speed,sell_to_shop,npc_offers,,"vice, consumable, suspicious",5,0.70,0,0,good,Low risk; scam risk if oversold,A turntable from a party that outlived the lease.
vice_raver_remy_sells_cigarettes,vice-raver-remy,cigarettes,sell_to_shop,npc_offers,,"vice, consumable, junk, portable",5,0.70,0,0,good,Low risk; scam risk if oversold,A turntable from a party that outlived the lease.
vice_raver_remy_sells_forty_oz_malt_liquor,vice-raver-remy,forty_oz_malt_liquor,sell_to_shop,npc_offers,,"vice, consumable, junk",5,0.70,0,0,good,Low risk; scam risk if oversold,A turntable from a party that outlived the lease.
vice_raver_remy_buys_gold_ring_engravings,vice-raver-remy,gold_ring_engravings,buy_from_shop,npc_requests,"jewelry, luxury, suspicious",,2.4,0.98,0,0,,Cop risk if suspicious,Remy wants party inventory.
vice_raver_remy_trades_mace,vice-raver-remy,mace,trade,npc_offers,"electronics, portable, instrument, collectible","weapon, suspicious, portable",4,0.88,-15,30,used,Low risk,Trades handheld gaming gear for something with more bass or buttons.
vice_raver_remy_trades_forty_oz_malt_liquor,vice-raver-remy,forty_oz_malt_liquor,trade,npc_offers,"electronics, portable, instrument, collectible","vice, consumable, junk",4,0.88,-15,30,used,Low risk,Trades handheld gaming gear for something with more bass or buttons.
vice_raver_remy_trades_nitrous_oxide_whippet_canisters,vice-raver-remy,nitrous_oxide_whippet_canisters,trade,npc_offers,"electronics, portable, instrument, collectible","vice, consumable, suspicious",4,0.88,-15,30,used,Low risk,Trades handheld gaming gear for something with more bass or buttons.
vice_raver_remy_trades_gas_station_speed,vice-raver-remy,gas_station_speed,trade,npc_offers,"electronics, portable, instrument, collectible","vice, consumable, suspicious",4,0.88,-15,30,used,Low risk,Trades handheld gaming gear for something with more bass or buttons.
vice_raver_remy_trades_cigarettes,vice-raver-remy,cigarettes,trade,npc_offers,"electronics, portable, instrument, collectible","vice, consumable, junk, portable",4,0.88,-15,30,used,Low risk,Trades handheld gaming gear for something with more bass or buttons.
vice_raver_remy_trades_baton,vice-raver-remy,baton,trade,npc_offers,"electronics, portable, instrument, collectible","weapon, suspicious, practical",4,0.88,-15,30,used,Low risk,Trades handheld gaming gear for something with more bass or buttons.
vice_raver_remy_trades_brass_knuckles,vice-raver-remy,brass_knuckles,trade,npc_offers,"electronics, portable, instrument, collectible","weapon, suspicious, vice, portable",4,0.88,-15,30,used,Low risk,Trades handheld gaming gear for something with more bass or buttons.
vice_raver_remy_trades_pistol,vice-raver-remy,pistol,trade,npc_offers,"electronics, portable, instrument, collectible","weapon, suspicious, hot",4,0.88,-15,30,used,Low risk,Trades handheld gaming gear for something with more bass or buttons.
vice_raver_remy_trades_bottle_of_booze,vice-raver-remy,bottle_of_booze,trade,npc_offers,"electronics, portable, instrument, collectible","vice, consumable",4,0.88,-15,30,used,Low risk,Trades handheld gaming gear for something with more bass or buttons.
vice_raver_remy_trades_gold_bracelet,vice-raver-remy,gold_bracelet,trade,npc_offers,"electronics, portable, instrument, collectible","jewelry, luxury",4,0.88,-15,30,used,Low risk,Trades handheld gaming gear for something with more bass or buttons.
vice_raver_remy_trades_dj_turntable,vice-raver-remy,dj_turntable,trade,npc_offers,"electronics, portable, instrument, collectible","electronics, collectible",4,0.88,-15,30,used,Low risk,Trades handheld gaming gear for something with more bass or buttons.
vice_raver_remy_trades_luxury_handbag_fake,vice-raver-remy,luxury_handbag_fake,trade,npc_offers,"electronics, portable, instrument, collectible","luxury, possibly_fake",4,0.88,-15,30,used,Low risk,Trades handheld gaming gear for something with more bass or buttons.
vice_raver_remy_trades_gold_ring_engravings,vice-raver-remy,gold_ring_engravings,trade,npc_offers,"electronics, portable, instrument, collectible","jewelry, luxury, suspicious",4,0.88,-15,30,used,Low risk,Trades handheld gaming gear for something with more bass or buttons.
vice_raver_remy_trades_fake_gold_chain,vice-raver-remy,fake_gold_chain,trade,npc_offers,"electronics, portable, instrument, collectible","jewelry, fake, suspicious",4,0.88,-15,30,used,Low risk,Trades handheld gaming gear for something with more bass or buttons.
vice_raver_remy_trades_suspicious_gold_watch,vice-raver-remy,suspicious_gold_watch,trade,npc_offers,"electronics, portable, instrument, collectible","watch, possibly_fake, luxury, suspicious",4,0.88,-15,30,used,Low risk,Trades handheld gaming gear for something with more bass or buttons.
vice_pervert_pete_buys_microwave_haunted,vice-pervert-pete,microwave_haunted,buy_from_shop,npc_requests,"appliance, junk, broken, cursed",,6,0.86,0,0,,Low risk,Buys low-rent media without asking for titles.
vice_pervert_pete_buys_old_gaming_pc,vice-pervert-pete,old_gaming_pc,buy_from_shop,npc_requests,"computer, electronics, repairable",,6,0.86,0,0,,Low risk,Buys low-rent media without asking for titles.
vice_pervert_pete_buys_hospital_vcr,vice-pervert-pete,hospital_vcr,buy_from_shop,npc_requests,"electronics, hot, suspicious",,6,0.86,0,0,,Low risk,Buys low-rent media without asking for titles.
vice_pervert_pete_buys_cracked_tablet,vice-pervert-pete,cracked_tablet,buy_from_shop,npc_requests,"electronics, broken",,6,0.86,0,0,,Low risk,Buys low-rent media without asking for titles.
vice_pervert_pete_buys_cordless_drill,vice-pervert-pete,cordless_drill,buy_from_shop,npc_requests,"tool, repairable",,6,0.86,0,0,,Low risk,Buys low-rent media without asking for titles.
vice_pervert_pete_buys_bolt_cutters,vice-pervert-pete,bolt_cutters,buy_from_shop,npc_requests,"tool, suspicious",,6,0.86,0,0,,Low risk,Buys low-rent media without asking for titles.
vice_pervert_pete_buys_pocket_knife,vice-pervert-pete,pocket_knife,buy_from_shop,npc_requests,weapon,,6,0.86,0,0,,Low risk,Buys low-rent media without asking for titles.
vice_pervert_pete_buys_sealed_mystery_box,vice-pervert-pete,sealed_mystery_box,buy_from_shop,npc_requests,"mystery, suspicious",,6,0.86,0,0,,Low risk,Buys low-rent media without asking for titles.
vice_pervert_pete_buys_air_fryer,vice-pervert-pete,air_fryer,buy_from_shop,npc_requests,"appliance, practical",,6,0.86,0,0,,Low risk,Buys low-rent media without asking for titles.
vice_pervert_pete_buys_shop_vac,vice-pervert-pete,shop_vac,buy_from_shop,npc_requests,"appliance, practical, repairable",,6,0.86,0,0,,Low risk,Buys low-rent media without asking for titles.
vice_pervert_pete_buys_flat_screen_tv,vice-pervert-pete,flat_screen_tv,buy_from_shop,npc_requests,"electronics, practical",,6,0.86,0,0,,Low risk,Buys low-rent media without asking for titles.
vice_pervert_pete_buys_bluetooth_speaker,vice-pervert-pete,bluetooth_speaker,buy_from_shop,npc_requests,"electronics, portable",,6,0.86,0,0,,Low risk,Buys low-rent media without asking for titles.
vice_pervert_pete_buys_used_smartphone,vice-pervert-pete,used_smartphone,buy_from_shop,npc_requests,"electronics, portable",,6,0.86,0,0,,Low risk,Buys low-rent media without asking for titles.
vice_pervert_pete_buys_budget_laptop,vice-pervert-pete,budget_laptop,buy_from_shop,npc_requests,"computer, electronics, practical",,6,0.86,0,0,,Low risk,Buys low-rent media without asking for titles.
vice_pervert_pete_buys_automatic_watch,vice-pervert-pete,automatic_watch,buy_from_shop,npc_requests,"watch, luxury, collectible",,6,0.86,0,0,,Low risk,Buys low-rent media without asking for titles.
vice_pervert_pete_buys_bottle_of_booze,vice-pervert-pete,bottle_of_booze,buy_from_shop,npc_requests,"vice, consumable",,6,0.86,0,0,,Low risk,Buys low-rent media without asking for titles.
vice_pervert_pete_buys_cigarettes,vice-pervert-pete,cigarettes,buy_from_shop,npc_requests,"vice, consumable, junk, portable",,6,0.86,0,0,,Low risk,Buys low-rent media without asking for titles.
vice_pervert_pete_buys_gas_station_speed,vice-pervert-pete,gas_station_speed,buy_from_shop,npc_requests,"vice, consumable, suspicious",,6,0.86,0,0,,Low risk,Buys low-rent media without asking for titles.
vice_pervert_pete_buys_nitrous_oxide_whippet_canisters,vice-pervert-pete,nitrous_oxide_whippet_canisters,buy_from_shop,npc_requests,"vice, consumable, suspicious",,6,0.86,0,0,,Low risk,Buys low-rent media without asking for titles.
vice_pervert_pete_buys_forty_oz_malt_liquor,vice-pervert-pete,forty_oz_malt_liquor,buy_from_shop,npc_requests,"vice, consumable, junk",,6,0.86,0,0,,Low risk,Buys low-rent media without asking for titles.
vice_pervert_pete_sells_microwave_haunted,vice-pervert-pete,microwave_haunted,sell_to_shop,npc_offers,,"appliance, junk, broken, cursed",4,0.58,0,0,questionable,Scam risk +1,A fake handbag with too much backstory.
vice_pervert_pete_sells_old_gaming_pc,vice-pervert-pete,old_gaming_pc,sell_to_shop,npc_offers,,"computer, electronics, repairable",4,0.58,0,0,questionable,Scam risk +1,A fake handbag with too much backstory.
vice_pervert_pete_sells_hospital_vcr,vice-pervert-pete,hospital_vcr,sell_to_shop,npc_offers,,"electronics, hot, suspicious",4,0.58,0,0,questionable,Scam risk +1,A fake handbag with too much backstory.
vice_pervert_pete_sells_cracked_tablet,vice-pervert-pete,cracked_tablet,sell_to_shop,npc_offers,,"electronics, broken",4,0.58,0,0,questionable,Scam risk +1,A fake handbag with too much backstory.
vice_pervert_pete_sells_cordless_drill,vice-pervert-pete,cordless_drill,sell_to_shop,npc_offers,,"tool, repairable",4,0.58,0,0,questionable,Scam risk +1,A fake handbag with too much backstory.
vice_pervert_pete_sells_bolt_cutters,vice-pervert-pete,bolt_cutters,sell_to_shop,npc_offers,,"tool, suspicious",4,0.58,0,0,questionable,Scam risk +1,A fake handbag with too much backstory.
vice_pervert_pete_sells_pawn_shop_guitar,vice-pervert-pete,pawn_shop_guitar,sell_to_shop,npc_offers,,"instrument, repairable",4,0.58,0,0,questionable,Scam risk +1,A fake handbag with too much backstory.
vice_pervert_pete_sells_gold_ring_engravings,vice-pervert-pete,gold_ring_engravings,sell_to_shop,npc_offers,,"jewelry, luxury, suspicious",4,0.58,0,0,questionable,Scam risk +1,A fake handbag with too much backstory.
vice_pervert_pete_sells_baseball_card_box,vice-pervert-pete,baseball_card_box,sell_to_shop,npc_offers,,"collectible, mystery",4,0.58,0,0,questionable,Scam risk +1,A fake handbag with too much backstory.
vice_pervert_pete_sells_rare_action_figure,vice-pervert-pete,rare_action_figure,sell_to_shop,npc_offers,,"collectible, rare, broken",4,0.58,0,0,questionable,Scam risk +1,A fake handbag with too much backstory.
vice_pervert_pete_sells_dvd_stack,vice-pervert-pete,dvd_stack,sell_to_shop,npc_offers,,"collectible, junk",4,0.58,0,0,questionable,Scam risk +1,A fake handbag with too much backstory.
vice_pervert_pete_sells_smart_watch_locked,vice-pervert-pete,smart_watch_locked,sell_to_shop,npc_offers,,"watch, electronics, suspicious",4,0.58,0,0,questionable,Scam risk +1,A fake handbag with too much backstory.
vice_pervert_pete_sells_silverware_bundle,vice-pervert-pete,silverware_bundle,sell_to_shop,npc_offers,,"jewelry, possibly_fake, suspicious",4,0.58,0,0,questionable,Scam risk +1,A fake handbag with too much backstory.
vice_pervert_pete_sells_countertop_blender,vice-pervert-pete,countertop_blender,sell_to_shop,npc_offers,,"appliance, practical",4,0.58,0,0,questionable,Scam risk +1,A fake handbag with too much backstory.
vice_pervert_pete_sells_air_fryer,vice-pervert-pete,air_fryer,sell_to_shop,npc_offers,,"appliance, practical",4,0.58,0,0,questionable,Scam risk +1,A fake handbag with too much backstory.
vice_pervert_pete_sells_shop_vac,vice-pervert-pete,shop_vac,sell_to_shop,npc_offers,,"appliance, practical, repairable",4,0.58,0,0,questionable,Scam risk +1,A fake handbag with too much backstory.
vice_pervert_pete_sells_handheld_console,vice-pervert-pete,handheld_console,sell_to_shop,npc_offers,,"console, electronics, portable, collectible",4,0.58,0,0,questionable,Scam risk +1,A fake handbag with too much backstory.
vice_pervert_pete_sells_used_smartphone,vice-pervert-pete,used_smartphone,sell_to_shop,npc_offers,,"electronics, portable",4,0.58,0,0,questionable,Scam risk +1,A fake handbag with too much backstory.
vice_pervert_pete_sells_mirrorless_camera,vice-pervert-pete,mirrorless_camera,sell_to_shop,npc_offers,,"electronics, luxury",4,0.58,0,0,questionable,Scam risk +1,A fake handbag with too much backstory.
vice_pervert_pete_sells_circular_saw,vice-pervert-pete,circular_saw,sell_to_shop,npc_offers,,"tool, repairable, practical",4,0.58,0,0,questionable,Scam risk +1,A fake handbag with too much backstory.
vice_pervert_pete_sells_socket_set,vice-pervert-pete,socket_set,sell_to_shop,npc_offers,,"tool, practical",4,0.58,0,0,questionable,Scam risk +1,A fake handbag with too much backstory.
vice_pervert_pete_sells_pressure_washer,vice-pervert-pete,pressure_washer,sell_to_shop,npc_offers,,"tool, practical, repairable",4,0.58,0,0,questionable,Scam risk +1,A fake handbag with too much backstory.
vice_pervert_pete_sells_electric_guitar,vice-pervert-pete,electric_guitar,sell_to_shop,npc_offers,,"instrument, collectible",4,0.58,0,0,questionable,Scam risk +1,A fake handbag with too much backstory.
vice_pervert_pete_sells_student_saxophone,vice-pervert-pete,student_saxophone,sell_to_shop,npc_offers,,"instrument, collectible, repairable",4,0.58,0,0,questionable,Scam risk +1,A fake handbag with too much backstory.
vice_pervert_pete_sells_diamond_stud_earrings,vice-pervert-pete,diamond_stud_earrings,sell_to_shop,npc_offers,,"jewelry, luxury",4,0.58,0,0,questionable,Scam risk +1,A fake handbag with too much backstory.
vice_pervert_pete_sells_designer_sunglasses,vice-pervert-pete,designer_sunglasses,sell_to_shop,npc_offers,,"luxury, portable",4,0.58,0,0,questionable,Scam risk +1,A fake handbag with too much backstory.
vice_pervert_pete_sells_automatic_watch,vice-pervert-pete,automatic_watch,sell_to_shop,npc_offers,,"watch, luxury, collectible",4,0.58,0,0,questionable,Scam risk +1,A fake handbag with too much backstory.
vice_pervert_pete_trades_microwave_haunted,vice-pervert-pete,microwave_haunted,trade,npc_offers,"junk, collectible, luxury","appliance, junk, broken, cursed",3,0.80,-10,20,used,Low scam risk,Trades sunglasses with the confidence of a parking-lot receipt.
vice_pervert_pete_trades_old_gaming_pc,vice-pervert-pete,old_gaming_pc,trade,npc_offers,"junk, collectible, luxury","computer, electronics, repairable",3,0.80,-10,20,used,Low scam risk,Trades sunglasses with the confidence of a parking-lot receipt.
vice_pervert_pete_trades_hospital_vcr,vice-pervert-pete,hospital_vcr,trade,npc_offers,"junk, collectible, luxury","electronics, hot, suspicious",3,0.80,-10,20,used,Low scam risk,Trades sunglasses with the confidence of a parking-lot receipt.
vice_pervert_pete_trades_cracked_tablet,vice-pervert-pete,cracked_tablet,trade,npc_offers,"junk, collectible, luxury","electronics, broken",3,0.80,-10,20,used,Low scam risk,Trades sunglasses with the confidence of a parking-lot receipt.
vice_pervert_pete_trades_cordless_drill,vice-pervert-pete,cordless_drill,trade,npc_offers,"junk, collectible, luxury","tool, repairable",3,0.80,-10,20,used,Low scam risk,Trades sunglasses with the confidence of a parking-lot receipt.
vice_pervert_pete_trades_bolt_cutters,vice-pervert-pete,bolt_cutters,trade,npc_offers,"junk, collectible, luxury","tool, suspicious",3,0.80,-10,20,used,Low scam risk,Trades sunglasses with the confidence of a parking-lot receipt.
vice_pervert_pete_trades_pawn_shop_guitar,vice-pervert-pete,pawn_shop_guitar,trade,npc_offers,"junk, collectible, luxury","instrument, repairable",3,0.80,-10,20,used,Low scam risk,Trades sunglasses with the confidence of a parking-lot receipt.
vice_pervert_pete_trades_gold_ring_engravings,vice-pervert-pete,gold_ring_engravings,trade,npc_offers,"junk, collectible, luxury","jewelry, luxury, suspicious",3,0.80,-10,20,used,Low scam risk,Trades sunglasses with the confidence of a parking-lot receipt.
vice_pervert_pete_trades_baseball_card_box,vice-pervert-pete,baseball_card_box,trade,npc_offers,"junk, collectible, luxury","collectible, mystery",3,0.80,-10,20,used,Low scam risk,Trades sunglasses with the confidence of a parking-lot receipt.
vice_pervert_pete_trades_rare_action_figure,vice-pervert-pete,rare_action_figure,trade,npc_offers,"junk, collectible, luxury","collectible, rare, broken",3,0.80,-10,20,used,Low scam risk,Trades sunglasses with the confidence of a parking-lot receipt.
vice_pervert_pete_trades_sealed_mystery_box,vice-pervert-pete,sealed_mystery_box,trade,npc_offers,"junk, collectible, luxury","mystery, suspicious",3,0.80,-10,20,used,Low scam risk,Trades sunglasses with the confidence of a parking-lot receipt.
vice_pervert_pete_trades_stolen_bike_wheel,vice-pervert-pete,stolen_bike_wheel,trade,npc_offers,"junk, collectible, luxury","tool, stolen, hot, suspicious",3,0.80,-10,20,used,Low scam risk,Trades sunglasses with the confidence of a parking-lot receipt.
vice_pervert_pete_trades_dvd_stack,vice-pervert-pete,dvd_stack,trade,npc_offers,"junk, collectible, luxury","collectible, junk",3,0.80,-10,20,used,Low scam risk,Trades sunglasses with the confidence of a parking-lot receipt.
vice_pervert_pete_trades_smart_watch_locked,vice-pervert-pete,smart_watch_locked,trade,npc_offers,"junk, collectible, luxury","watch, electronics, suspicious",3,0.80,-10,20,used,Low scam risk,Trades sunglasses with the confidence of a parking-lot receipt.
vice_pervert_pete_trades_silverware_bundle,vice-pervert-pete,silverware_bundle,trade,npc_offers,"junk, collectible, luxury","jewelry, possibly_fake, suspicious",3,0.80,-10,20,used,Low scam risk,Trades sunglasses with the confidence of a parking-lot receipt.
vice_pervert_pete_trades_countertop_blender,vice-pervert-pete,countertop_blender,trade,npc_offers,"junk, collectible, luxury","appliance, practical",3,0.80,-10,20,used,Low scam risk,Trades sunglasses with the confidence of a parking-lot receipt.
vice_pervert_pete_trades_air_fryer,vice-pervert-pete,air_fryer,trade,npc_offers,"junk, collectible, luxury","appliance, practical",3,0.80,-10,20,used,Low scam risk,Trades sunglasses with the confidence of a parking-lot receipt.
vice_pervert_pete_trades_shop_vac,vice-pervert-pete,shop_vac,trade,npc_offers,"junk, collectible, luxury","appliance, practical, repairable",3,0.80,-10,20,used,Low scam risk,Trades sunglasses with the confidence of a parking-lot receipt.
vice_pervert_pete_trades_flat_screen_tv,vice-pervert-pete,flat_screen_tv,trade,npc_offers,"junk, collectible, luxury","electronics, practical",3,0.80,-10,20,used,Low scam risk,Trades sunglasses with the confidence of a parking-lot receipt.
vice_pervert_pete_trades_bluetooth_speaker,vice-pervert-pete,bluetooth_speaker,trade,npc_offers,"junk, collectible, luxury","electronics, portable",3,0.80,-10,20,used,Low scam risk,Trades sunglasses with the confidence of a parking-lot receipt.
vice_pervert_pete_trades_handheld_console,vice-pervert-pete,handheld_console,trade,npc_offers,"junk, collectible, luxury","console, electronics, portable, collectible",3,0.80,-10,20,used,Low scam risk,Trades sunglasses with the confidence of a parking-lot receipt.
vice_pervert_pete_trades_used_smartphone,vice-pervert-pete,used_smartphone,trade,npc_offers,"junk, collectible, luxury","electronics, portable",3,0.80,-10,20,used,Low scam risk,Trades sunglasses with the confidence of a parking-lot receipt.
vice_pervert_pete_trades_budget_laptop,vice-pervert-pete,budget_laptop,trade,npc_offers,"junk, collectible, luxury","computer, electronics, practical",3,0.80,-10,20,used,Low scam risk,Trades sunglasses with the confidence of a parking-lot receipt.
vice_pervert_pete_trades_mirrorless_camera,vice-pervert-pete,mirrorless_camera,trade,npc_offers,"junk, collectible, luxury","electronics, luxury",3,0.80,-10,20,used,Low scam risk,Trades sunglasses with the confidence of a parking-lot receipt.
vice_pervert_pete_trades_circular_saw,vice-pervert-pete,circular_saw,trade,npc_offers,"junk, collectible, luxury","tool, repairable, practical",3,0.80,-10,20,used,Low scam risk,Trades sunglasses with the confidence of a parking-lot receipt.
vice_pervert_pete_trades_socket_set,vice-pervert-pete,socket_set,trade,npc_offers,"junk, collectible, luxury","tool, practical",3,0.80,-10,20,used,Low scam risk,Trades sunglasses with the confidence of a parking-lot receipt.
vice_pervert_pete_trades_pressure_washer,vice-pervert-pete,pressure_washer,trade,npc_offers,"junk, collectible, luxury","tool, practical, repairable",3,0.80,-10,20,used,Low scam risk,Trades sunglasses with the confidence of a parking-lot receipt.
vice_pervert_pete_trades_electric_guitar,vice-pervert-pete,electric_guitar,trade,npc_offers,"junk, collectible, luxury","instrument, collectible",3,0.80,-10,20,used,Low scam risk,Trades sunglasses with the confidence of a parking-lot receipt.
vice_pervert_pete_trades_student_saxophone,vice-pervert-pete,student_saxophone,trade,npc_offers,"junk, collectible, luxury","instrument, collectible, repairable",3,0.80,-10,20,used,Low scam risk,Trades sunglasses with the confidence of a parking-lot receipt.
vice_pervert_pete_trades_baton,vice-pervert-pete,baton,trade,npc_offers,"junk, collectible, luxury","weapon, suspicious, practical",3,0.80,-10,20,used,Low scam risk,Trades sunglasses with the confidence of a parking-lot receipt.
vice_pervert_pete_trades_gas_station_speed,vice-pervert-pete,gas_station_speed,trade,npc_offers,"junk, collectible, luxury","vice, consumable, suspicious",3,0.80,-10,20,used,Low scam risk,Trades sunglasses with the confidence of a parking-lot receipt.
vice_pervert_pete_trades_mace,vice-pervert-pete,mace,trade,npc_offers,"junk, collectible, luxury","weapon, suspicious, portable",3,0.80,-10,20,used,Low scam risk,Trades sunglasses with the confidence of a parking-lot receipt.
vice_pervert_pete_buys_countertop_blender,vice-pervert-pete,countertop_blender,buy_from_shop,npc_requests,"appliance, practical",,6,0.86,0,0,,Low risk,Buys low-rent media without asking for titles.
vice_pervert_pete_buys_handheld_console,vice-pervert-pete,handheld_console,buy_from_shop,npc_requests,"console, electronics, portable, collectible",,6,0.86,0,0,,Low risk,Buys low-rent media without asking for titles.
vice_pervert_pete_buys_mirrorless_camera,vice-pervert-pete,mirrorless_camera,buy_from_shop,npc_requests,"electronics, luxury",,6,0.86,0,0,,Low risk,Buys low-rent media without asking for titles.
vice_pervert_pete_buys_mace,vice-pervert-pete,mace,buy_from_shop,npc_requests,"weapon, suspicious, portable",,6,0.86,0,0,,Low risk,Buys low-rent media without asking for titles.
vice_pervert_pete_sells_budget_laptop,vice-pervert-pete,budget_laptop,sell_to_shop,npc_offers,,"computer, electronics, practical",4,0.58,0,0,questionable,Scam risk +1,A fake handbag with too much backstory.
vice_pervert_pete_trades_suspicious_gold_watch,vice-pervert-pete,suspicious_gold_watch,trade,npc_offers,"junk, collectible, luxury","watch, possibly_fake, luxury, suspicious",3,0.80,-10,20,used,Low scam risk,Trades sunglasses with the confidence of a parking-lot receipt.
vice_pervert_pete_trades_fake_gold_chain,vice-pervert-pete,fake_gold_chain,trade,npc_offers,"junk, collectible, luxury","jewelry, fake, suspicious",3,0.80,-10,20,used,Low scam risk,Trades sunglasses with the confidence of a parking-lot receipt.
vice_pervert_pete_trades_rusty_revolver_prop,vice-pervert-pete,rusty_revolver_prop,trade,npc_offers,"junk, collectible, luxury","weapon, suspicious, hot",3,0.80,-10,20,used,Low scam risk,Trades sunglasses with the confidence of a parking-lot receipt.
vice_pervert_pete_sells_rusty_revolver_prop,vice-pervert-pete,rusty_revolver_prop,sell_to_shop,npc_offers,,"weapon, suspicious, hot",4,0.58,0,0,questionable,Scam risk +1,A fake handbag with too much backstory.
vice_pervert_pete_trades_cigarettes,vice-pervert-pete,cigarettes,trade,npc_offers,"junk, collectible, luxury","vice, consumable, junk, portable",3,0.80,-10,20,used,Low scam risk,Trades sunglasses with the confidence of a parking-lot receipt.
vice_pervert_pete_trades_brass_knuckles,vice-pervert-pete,brass_knuckles,trade,npc_offers,"junk, collectible, luxury","weapon, suspicious, vice, portable",3,0.80,-10,20,used,Low scam risk,Trades sunglasses with the confidence of a parking-lot receipt.
vice_dealer_danny_sells_mace,vice-dealer-danny,mace,sell_to_shop,npc_offers,,"weapon, suspicious, portable",6,0.60,0,0,questionable,Cop risk +1; scam risk +1,The watch is locked and Danny is offended by follow-up questions.
vice_dealer_danny_sells_forty_oz_malt_liquor,vice-dealer-danny,forty_oz_malt_liquor,sell_to_shop,npc_offers,,"vice, consumable, junk",6,0.60,0,0,questionable,Cop risk +1; scam risk +1,The watch is locked and Danny is offended by follow-up questions.
vice_dealer_danny_sells_gas_station_speed,vice-dealer-danny,gas_station_speed,sell_to_shop,npc_offers,,"vice, consumable, suspicious",6,0.60,0,0,questionable,Cop risk +1; scam risk +1,The watch is locked and Danny is offended by follow-up questions.
vice_dealer_danny_sells_cigarettes,vice-dealer-danny,cigarettes,sell_to_shop,npc_offers,,"vice, consumable, junk, portable",6,0.60,0,0,questionable,Cop risk +1; scam risk +1,The watch is locked and Danny is offended by follow-up questions.
vice_dealer_danny_sells_baton,vice-dealer-danny,baton,sell_to_shop,npc_offers,,"weapon, suspicious, practical",6,0.60,0,0,questionable,Cop risk +1; scam risk +1,The watch is locked and Danny is offended by follow-up questions.
vice_dealer_danny_sells_brass_knuckles,vice-dealer-danny,brass_knuckles,sell_to_shop,npc_offers,,"weapon, suspicious, vice, portable",6,0.60,0,0,questionable,Cop risk +1; scam risk +1,The watch is locked and Danny is offended by follow-up questions.
vice_dealer_danny_sells_bottle_of_booze,vice-dealer-danny,bottle_of_booze,sell_to_shop,npc_offers,,"vice, consumable",6,0.60,0,0,questionable,Cop risk +1; scam risk +1,The watch is locked and Danny is offended by follow-up questions.
vice_dealer_danny_sells_automatic_watch,vice-dealer-danny,automatic_watch,sell_to_shop,npc_offers,,"watch, luxury, collectible",6,0.60,0,0,questionable,Cop risk +1; scam risk +1,The watch is locked and Danny is offended by follow-up questions.
vice_dealer_danny_sells_designer_sunglasses,vice-dealer-danny,designer_sunglasses,sell_to_shop,npc_offers,,"luxury, portable",6,0.60,0,0,questionable,Cop risk +1; scam risk +1,The watch is locked and Danny is offended by follow-up questions.
vice_dealer_danny_sells_gold_bracelet,vice-dealer-danny,gold_bracelet,sell_to_shop,npc_offers,,"jewelry, luxury",6,0.60,0,0,questionable,Cop risk +1; scam risk +1,The watch is locked and Danny is offended by follow-up questions.
vice_dealer_danny_sells_diamond_stud_earrings,vice-dealer-danny,diamond_stud_earrings,sell_to_shop,npc_offers,,"jewelry, luxury",6,0.60,0,0,questionable,Cop risk +1; scam risk +1,The watch is locked and Danny is offended by follow-up questions.
vice_dealer_danny_sells_dj_turntable,vice-dealer-danny,dj_turntable,sell_to_shop,npc_offers,,"electronics, collectible",6,0.60,0,0,questionable,Cop risk +1; scam risk +1,The watch is locked and Danny is offended by follow-up questions.
vice_dealer_danny_sells_student_saxophone,vice-dealer-danny,student_saxophone,sell_to_shop,npc_offers,,"instrument, collectible, repairable",6,0.60,0,0,questionable,Cop risk +1; scam risk +1,The watch is locked and Danny is offended by follow-up questions.
vice_dealer_danny_sells_electric_guitar,vice-dealer-danny,electric_guitar,sell_to_shop,npc_offers,,"instrument, collectible",6,0.60,0,0,questionable,Cop risk +1; scam risk +1,The watch is locked and Danny is offended by follow-up questions.
vice_dealer_danny_sells_pressure_washer,vice-dealer-danny,pressure_washer,sell_to_shop,npc_offers,,"tool, practical, repairable",6,0.60,0,0,questionable,Cop risk +1; scam risk +1,The watch is locked and Danny is offended by follow-up questions.
vice_dealer_danny_sells_circular_saw,vice-dealer-danny,circular_saw,sell_to_shop,npc_offers,,"tool, repairable, practical",6,0.60,0,0,questionable,Cop risk +1; scam risk +1,The watch is locked and Danny is offended by follow-up questions.
vice_dealer_danny_sells_mirrorless_camera,vice-dealer-danny,mirrorless_camera,sell_to_shop,npc_offers,,"electronics, luxury",6,0.60,0,0,questionable,Cop risk +1; scam risk +1,The watch is locked and Danny is offended by follow-up questions.
vice_dealer_danny_sells_used_smartphone,vice-dealer-danny,used_smartphone,sell_to_shop,npc_offers,,"electronics, portable",6,0.60,0,0,questionable,Cop risk +1; scam risk +1,The watch is locked and Danny is offended by follow-up questions.
vice_dealer_danny_sells_handheld_console,vice-dealer-danny,handheld_console,sell_to_shop,npc_offers,,"console, electronics, portable, collectible",6,0.60,0,0,questionable,Cop risk +1; scam risk +1,The watch is locked and Danny is offended by follow-up questions.
vice_dealer_danny_sells_game_console,vice-dealer-danny,game_console,sell_to_shop,npc_offers,,"console, electronics, popular",6,0.60,0,0,questionable,Cop risk +1; scam risk +1,The watch is locked and Danny is offended by follow-up questions.
vice_dealer_danny_sells_bluetooth_speaker,vice-dealer-danny,bluetooth_speaker,sell_to_shop,npc_offers,,"electronics, portable",6,0.60,0,0,questionable,Cop risk +1; scam risk +1,The watch is locked and Danny is offended by follow-up questions.
vice_dealer_danny_sells_sealed_mystery_box,vice-dealer-danny,sealed_mystery_box,sell_to_shop,npc_offers,,"mystery, suspicious",6,0.60,0,0,questionable,Cop risk +1; scam risk +1,The watch is locked and Danny is offended by follow-up questions.
vice_dealer_danny_sells_luxury_handbag_fake,vice-dealer-danny,luxury_handbag_fake,sell_to_shop,npc_offers,,"luxury, possibly_fake",6,0.60,0,0,questionable,Cop risk +1; scam risk +1,The watch is locked and Danny is offended by follow-up questions.
vice_dealer_danny_sells_rare_action_figure,vice-dealer-danny,rare_action_figure,sell_to_shop,npc_offers,,"collectible, rare, broken",6,0.60,0,0,questionable,Cop risk +1; scam risk +1,The watch is locked and Danny is offended by follow-up questions.
vice_dealer_danny_sells_baseball_card_box,vice-dealer-danny,baseball_card_box,sell_to_shop,npc_offers,,"collectible, mystery",6,0.60,0,0,questionable,Cop risk +1; scam risk +1,The watch is locked and Danny is offended by follow-up questions.
vice_dealer_danny_sells_gold_ring_engravings,vice-dealer-danny,gold_ring_engravings,sell_to_shop,npc_offers,,"jewelry, luxury, suspicious",6,0.60,0,0,questionable,Cop risk +1; scam risk +1,The watch is locked and Danny is offended by follow-up questions.
vice_dealer_danny_sells_cracked_tablet,vice-dealer-danny,cracked_tablet,sell_to_shop,npc_offers,,"electronics, broken",6,0.60,0,0,questionable,Cop risk +1; scam risk +1,The watch is locked and Danny is offended by follow-up questions.
vice_dealer_danny_sells_old_gaming_pc,vice-dealer-danny,old_gaming_pc,sell_to_shop,npc_offers,,"computer, electronics, repairable",6,0.60,0,0,questionable,Cop risk +1; scam risk +1,The watch is locked and Danny is offended by follow-up questions.
vice_dealer_danny_sells_suspicious_gold_watch,vice-dealer-danny,suspicious_gold_watch,sell_to_shop,npc_offers,,"watch, possibly_fake, luxury, suspicious",6,0.60,0,0,questionable,Cop risk +1; scam risk +1,The watch is locked and Danny is offended by follow-up questions.
vice_dealer_danny_sells_fake_gold_chain,vice-dealer-danny,fake_gold_chain,sell_to_shop,npc_offers,,"jewelry, fake, suspicious",6,0.60,0,0,questionable,Cop risk +1; scam risk +1,The watch is locked and Danny is offended by follow-up questions.
vice_dealer_danny_buys_cordless_drill,vice-dealer-danny,cordless_drill,buy_from_shop,npc_requests,"tool, repairable",,4,1.00,0,0,,Cop/thug risk if suspicious,Wants something small sharp and deniable.
vice_dealer_danny_buys_bolt_cutters,vice-dealer-danny,bolt_cutters,buy_from_shop,npc_requests,"tool, suspicious",,4,1.00,0,0,,Cop/thug risk if suspicious,Wants something small sharp and deniable.
vice_dealer_danny_buys_used_smartphone,vice-dealer-danny,used_smartphone,buy_from_shop,npc_requests,"electronics, portable",,4,1.00,0,0,,Cop/thug risk if suspicious,Wants something small sharp and deniable.
vice_dealer_danny_buys_budget_laptop,vice-dealer-danny,budget_laptop,buy_from_shop,npc_requests,"computer, electronics, practical",,4,1.00,0,0,,Cop/thug risk if suspicious,Wants something small sharp and deniable.
vice_dealer_danny_buys_socket_set,vice-dealer-danny,socket_set,buy_from_shop,npc_requests,"tool, practical",,4,1.00,0,0,,Cop/thug risk if suspicious,Wants something small sharp and deniable.
vice_dealer_danny_buys_designer_sunglasses,vice-dealer-danny,designer_sunglasses,buy_from_shop,npc_requests,"luxury, portable",,4,1.00,0,0,,Cop/thug risk if suspicious,Wants something small sharp and deniable.
vice_dealer_danny_buys_automatic_watch,vice-dealer-danny,automatic_watch,buy_from_shop,npc_requests,"watch, luxury, collectible",,4,1.00,0,0,,Cop/thug risk if suspicious,Wants something small sharp and deniable.
vice_dealer_danny_buys_gas_station_speed,vice-dealer-danny,gas_station_speed,buy_from_shop,npc_requests,"vice, consumable, suspicious",,4,1.00,0,0,,Cop/thug risk if suspicious,Wants something small sharp and deniable.
vice_dealer_danny_buys_mace,vice-dealer-danny,mace,buy_from_shop,npc_requests,"weapon, suspicious, portable",,4,1.00,0,0,,Cop/thug risk if suspicious,Wants something small sharp and deniable.
vice_dealer_danny_buys_brass_knuckles,vice-dealer-danny,brass_knuckles,buy_from_shop,npc_requests,"weapon, suspicious, vice, portable",,4,1.00,0,0,,Cop/thug risk if suspicious,Wants something small sharp and deniable.
vice_dealer_danny_trades_mace,vice-dealer-danny,mace,trade,npc_offers,"weapon, electronics, luxury","weapon, suspicious, portable",4,0.78,-15,35,questionable,Cop risk +1,Trades hot electronics with a salesman smile.
vice_dealer_danny_trades_forty_oz_malt_liquor,vice-dealer-danny,forty_oz_malt_liquor,trade,npc_offers,"weapon, electronics, luxury","vice, consumable, junk",4,0.78,-15,35,questionable,Cop risk +1,Trades hot electronics with a salesman smile.
vice_dealer_danny_trades_nitrous_oxide_whippet_canisters,vice-dealer-danny,nitrous_oxide_whippet_canisters,trade,npc_offers,"weapon, electronics, luxury","vice, consumable, suspicious",4,0.78,-15,35,questionable,Cop risk +1,Trades hot electronics with a salesman smile.
vice_dealer_danny_trades_gas_station_speed,vice-dealer-danny,gas_station_speed,trade,npc_offers,"weapon, electronics, luxury","vice, consumable, suspicious",4,0.78,-15,35,questionable,Cop risk +1,Trades hot electronics with a salesman smile.
vice_dealer_danny_trades_cigarettes,vice-dealer-danny,cigarettes,trade,npc_offers,"weapon, electronics, luxury","vice, consumable, junk, portable",4,0.78,-15,35,questionable,Cop risk +1,Trades hot electronics with a salesman smile.
vice_dealer_danny_trades_baton,vice-dealer-danny,baton,trade,npc_offers,"weapon, electronics, luxury","weapon, suspicious, practical",4,0.78,-15,35,questionable,Cop risk +1,Trades hot electronics with a salesman smile.
vice_dealer_danny_trades_brass_knuckles,vice-dealer-danny,brass_knuckles,trade,npc_offers,"weapon, electronics, luxury","weapon, suspicious, vice, portable",4,0.78,-15,35,questionable,Cop risk +1,Trades hot electronics with a salesman smile.
vice_dealer_danny_trades_pistol,vice-dealer-danny,pistol,trade,npc_offers,"weapon, electronics, luxury","weapon, suspicious, hot",4,0.78,-15,35,questionable,Cop risk +1,Trades hot electronics with a salesman smile.
vice_dealer_danny_trades_bottle_of_booze,vice-dealer-danny,bottle_of_booze,trade,npc_offers,"weapon, electronics, luxury","vice, consumable",4,0.78,-15,35,questionable,Cop risk +1,Trades hot electronics with a salesman smile.
vice_dealer_danny_trades_automatic_watch,vice-dealer-danny,automatic_watch,trade,npc_offers,"weapon, electronics, luxury","watch, luxury, collectible",4,0.78,-15,35,questionable,Cop risk +1,Trades hot electronics with a salesman smile.
vice_dealer_danny_trades_designer_sunglasses,vice-dealer-danny,designer_sunglasses,trade,npc_offers,"weapon, electronics, luxury","luxury, portable",4,0.78,-15,35,questionable,Cop risk +1,Trades hot electronics with a salesman smile.
vice_dealer_danny_trades_gold_bracelet,vice-dealer-danny,gold_bracelet,trade,npc_offers,"weapon, electronics, luxury","jewelry, luxury",4,0.78,-15,35,questionable,Cop risk +1,Trades hot electronics with a salesman smile.
vice_dealer_danny_trades_diamond_stud_earrings,vice-dealer-danny,diamond_stud_earrings,trade,npc_offers,"weapon, electronics, luxury","jewelry, luxury",4,0.78,-15,35,questionable,Cop risk +1,Trades hot electronics with a salesman smile.
vice_dealer_danny_trades_luxury_handbag_fake,vice-dealer-danny,luxury_handbag_fake,trade,npc_offers,"weapon, electronics, luxury","luxury, possibly_fake",4,0.78,-15,35,questionable,Cop risk +1,Trades hot electronics with a salesman smile.
vice_dealer_danny_trades_fake_gold_chain,vice-dealer-danny,fake_gold_chain,trade,npc_offers,"weapon, electronics, luxury","jewelry, fake, suspicious",4,0.78,-15,35,questionable,Cop risk +1,Trades hot electronics with a salesman smile.
vice_dealer_danny_trades_suspicious_gold_watch,vice-dealer-danny,suspicious_gold_watch,trade,npc_offers,"weapon, electronics, luxury","watch, possibly_fake, luxury, suspicious",4,0.78,-15,35,questionable,Cop risk +1,Trades hot electronics with a salesman smile.
vice_clepto_carlo_buys_forty_oz_malt_liquor,vice-clepto-carlo,forty_oz_malt_liquor,buy_from_shop,npc_requests,"vice, consumable, junk",,4,0.95,0,0,,Low risk; cop risk if hot substitute,Needs a phone that does not remember him.
vice_clepto_carlo_buys_gas_station_speed,vice-clepto-carlo,gas_station_speed,buy_from_shop,npc_requests,"vice, consumable, suspicious",,4,0.95,0,0,,Low risk; cop risk if hot substitute,Needs a phone that does not remember him.
vice_clepto_carlo_buys_cigarettes,vice-clepto-carlo,cigarettes,buy_from_shop,npc_requests,"vice, consumable, junk, portable",,4,0.95,0,0,,Low risk; cop risk if hot substitute,Needs a phone that does not remember him.
vice_clepto_carlo_buys_nitrous_oxide_whippet_canisters,vice-clepto-carlo,nitrous_oxide_whippet_canisters,buy_from_shop,npc_requests,"vice, consumable, suspicious",,4,0.95,0,0,,Low risk; cop risk if hot substitute,Needs a phone that does not remember him.
vice_clepto_carlo_buys_baton,vice-clepto-carlo,baton,buy_from_shop,npc_requests,"weapon, suspicious, practical",,4,0.95,0,0,,Low risk; cop risk if hot substitute,Needs a phone that does not remember him.
vice_clepto_carlo_buys_pistol,vice-clepto-carlo,pistol,buy_from_shop,npc_requests,"weapon, suspicious, hot",,4,0.95,0,0,,Low risk; cop risk if hot substitute,Needs a phone that does not remember him.
vice_clepto_carlo_buys_bottle_of_booze,vice-clepto-carlo,bottle_of_booze,buy_from_shop,npc_requests,"vice, consumable",,4,0.95,0,0,,Low risk; cop risk if hot substitute,Needs a phone that does not remember him.
vice_clepto_carlo_sells_automatic_watch,vice-clepto-carlo,automatic_watch,sell_to_shop,npc_offers,,"watch, luxury, collectible",7,0.48,0,0,good,Cop risk +2,A single bike wheel with a whole-bike problem.
vice_clepto_carlo_sells_designer_sunglasses,vice-clepto-carlo,designer_sunglasses,sell_to_shop,npc_offers,,"luxury, portable",7,0.48,0,0,good,Cop risk +2,A single bike wheel with a whole-bike problem.
vice_clepto_carlo_sells_gold_bracelet,vice-clepto-carlo,gold_bracelet,sell_to_shop,npc_offers,,"jewelry, luxury",7,0.48,0,0,good,Cop risk +2,A single bike wheel with a whole-bike problem.
vice_clepto_carlo_sells_diamond_stud_earrings,vice-clepto-carlo,diamond_stud_earrings,sell_to_shop,npc_offers,,"jewelry, luxury",7,0.48,0,0,good,Cop risk +2,A single bike wheel with a whole-bike problem.
vice_clepto_carlo_sells_dj_turntable,vice-clepto-carlo,dj_turntable,sell_to_shop,npc_offers,,"electronics, collectible",7,0.48,0,0,good,Cop risk +2,A single bike wheel with a whole-bike problem.
vice_clepto_carlo_sells_student_saxophone,vice-clepto-carlo,student_saxophone,sell_to_shop,npc_offers,,"instrument, collectible, repairable",7,0.48,0,0,good,Cop risk +2,A single bike wheel with a whole-bike problem.
vice_clepto_carlo_sells_electric_guitar,vice-clepto-carlo,electric_guitar,sell_to_shop,npc_offers,,"instrument, collectible",7,0.48,0,0,good,Cop risk +2,A single bike wheel with a whole-bike problem.
vice_clepto_carlo_sells_pressure_washer,vice-clepto-carlo,pressure_washer,sell_to_shop,npc_offers,,"tool, practical, repairable",7,0.48,0,0,good,Cop risk +2,A single bike wheel with a whole-bike problem.
vice_clepto_carlo_sells_socket_set,vice-clepto-carlo,socket_set,sell_to_shop,npc_offers,,"tool, practical",7,0.48,0,0,good,Cop risk +2,A single bike wheel with a whole-bike problem.
vice_clepto_carlo_sells_circular_saw,vice-clepto-carlo,circular_saw,sell_to_shop,npc_offers,,"tool, repairable, practical",7,0.48,0,0,good,Cop risk +2,A single bike wheel with a whole-bike problem.
vice_clepto_carlo_sells_mirrorless_camera,vice-clepto-carlo,mirrorless_camera,sell_to_shop,npc_offers,,"electronics, luxury",7,0.48,0,0,good,Cop risk +2,A single bike wheel with a whole-bike problem.
vice_clepto_carlo_sells_used_smartphone,vice-clepto-carlo,used_smartphone,sell_to_shop,npc_offers,,"electronics, portable",7,0.48,0,0,good,Cop risk +2,A single bike wheel with a whole-bike problem.
vice_clepto_carlo_sells_budget_laptop,vice-clepto-carlo,budget_laptop,sell_to_shop,npc_offers,,"computer, electronics, practical",7,0.48,0,0,good,Cop risk +2,A single bike wheel with a whole-bike problem.
vice_clepto_carlo_sells_handheld_console,vice-clepto-carlo,handheld_console,sell_to_shop,npc_offers,,"console, electronics, portable, collectible",7,0.48,0,0,good,Cop risk +2,A single bike wheel with a whole-bike problem.
vice_clepto_carlo_sells_game_console,vice-clepto-carlo,game_console,sell_to_shop,npc_offers,,"console, electronics, popular",7,0.48,0,0,good,Cop risk +2,A single bike wheel with a whole-bike problem.
vice_clepto_carlo_sells_bluetooth_speaker,vice-clepto-carlo,bluetooth_speaker,sell_to_shop,npc_offers,,"electronics, portable",7,0.48,0,0,good,Cop risk +2,A single bike wheel with a whole-bike problem.
vice_clepto_carlo_sells_flat_screen_tv,vice-clepto-carlo,flat_screen_tv,sell_to_shop,npc_offers,,"electronics, practical",7,0.48,0,0,good,Cop risk +2,A single bike wheel with a whole-bike problem.
vice_clepto_carlo_sells_shop_vac,vice-clepto-carlo,shop_vac,sell_to_shop,npc_offers,,"appliance, practical, repairable",7,0.48,0,0,good,Cop risk +2,A single bike wheel with a whole-bike problem.
vice_clepto_carlo_sells_air_fryer,vice-clepto-carlo,air_fryer,sell_to_shop,npc_offers,,"appliance, practical",7,0.48,0,0,good,Cop risk +2,A single bike wheel with a whole-bike problem.
vice_clepto_carlo_sells_countertop_blender,vice-clepto-carlo,countertop_blender,sell_to_shop,npc_offers,,"appliance, practical",7,0.48,0,0,good,Cop risk +2,A single bike wheel with a whole-bike problem.
vice_clepto_carlo_sells_smart_watch_locked,vice-clepto-carlo,smart_watch_locked,sell_to_shop,npc_offers,,"watch, electronics, suspicious",7,0.48,0,0,good,Cop risk +2,A single bike wheel with a whole-bike problem.
vice_clepto_carlo_sells_silverware_bundle,vice-clepto-carlo,silverware_bundle,sell_to_shop,npc_offers,,"jewelry, possibly_fake, suspicious",7,0.48,0,0,good,Cop risk +2,A single bike wheel with a whole-bike problem.
vice_clepto_carlo_sells_dvd_stack,vice-clepto-carlo,dvd_stack,sell_to_shop,npc_offers,,"collectible, junk",7,0.48,0,0,good,Cop risk +2,A single bike wheel with a whole-bike problem.
vice_clepto_carlo_sells_sealed_mystery_box,vice-clepto-carlo,sealed_mystery_box,sell_to_shop,npc_offers,,"mystery, suspicious",7,0.48,0,0,good,Cop risk +2,A single bike wheel with a whole-bike problem.
vice_clepto_carlo_sells_luxury_handbag_fake,vice-clepto-carlo,luxury_handbag_fake,sell_to_shop,npc_offers,,"luxury, possibly_fake",7,0.48,0,0,good,Cop risk +2,A single bike wheel with a whole-bike problem.
vice_clepto_carlo_sells_rusty_revolver_prop,vice-clepto-carlo,rusty_revolver_prop,sell_to_shop,npc_offers,,"weapon, suspicious, hot",7,0.48,0,0,good,Cop risk +2,A single bike wheel with a whole-bike problem.
vice_clepto_carlo_sells_pocket_knife,vice-clepto-carlo,pocket_knife,sell_to_shop,npc_offers,,weapon,7,0.48,0,0,good,Cop risk +2,A single bike wheel with a whole-bike problem.
vice_clepto_carlo_sells_rare_action_figure,vice-clepto-carlo,rare_action_figure,sell_to_shop,npc_offers,,"collectible, rare, broken",7,0.48,0,0,good,Cop risk +2,A single bike wheel with a whole-bike problem.
vice_clepto_carlo_sells_baseball_card_box,vice-clepto-carlo,baseball_card_box,sell_to_shop,npc_offers,,"collectible, mystery",7,0.48,0,0,good,Cop risk +2,A single bike wheel with a whole-bike problem.
vice_clepto_carlo_sells_gold_ring_engravings,vice-clepto-carlo,gold_ring_engravings,sell_to_shop,npc_offers,,"jewelry, luxury, suspicious",7,0.48,0,0,good,Cop risk +2,A single bike wheel with a whole-bike problem.
vice_clepto_carlo_sells_pawn_shop_guitar,vice-clepto-carlo,pawn_shop_guitar,sell_to_shop,npc_offers,,"instrument, repairable",7,0.48,0,0,good,Cop risk +2,A single bike wheel with a whole-bike problem.
vice_clepto_carlo_sells_bolt_cutters,vice-clepto-carlo,bolt_cutters,sell_to_shop,npc_offers,,"tool, suspicious",7,0.48,0,0,good,Cop risk +2,A single bike wheel with a whole-bike problem.
vice_clepto_carlo_sells_cordless_drill,vice-clepto-carlo,cordless_drill,sell_to_shop,npc_offers,,"tool, repairable",7,0.48,0,0,good,Cop risk +2,A single bike wheel with a whole-bike problem.
vice_clepto_carlo_sells_cracked_tablet,vice-clepto-carlo,cracked_tablet,sell_to_shop,npc_offers,,"electronics, broken",7,0.48,0,0,good,Cop risk +2,A single bike wheel with a whole-bike problem.
vice_clepto_carlo_sells_hospital_vcr,vice-clepto-carlo,hospital_vcr,sell_to_shop,npc_offers,,"electronics, hot, suspicious",7,0.48,0,0,good,Cop risk +2,A single bike wheel with a whole-bike problem.
vice_clepto_carlo_sells_old_gaming_pc,vice-clepto-carlo,old_gaming_pc,sell_to_shop,npc_offers,,"computer, electronics, repairable",7,0.48,0,0,good,Cop risk +2,A single bike wheel with a whole-bike problem.
vice_clepto_carlo_sells_suspicious_gold_watch,vice-clepto-carlo,suspicious_gold_watch,sell_to_shop,npc_offers,,"watch, possibly_fake, luxury, suspicious",7,0.48,0,0,good,Cop risk +2,A single bike wheel with a whole-bike problem.
vice_clepto_carlo_sells_fake_gold_chain,vice-clepto-carlo,fake_gold_chain,sell_to_shop,npc_offers,,"jewelry, fake, suspicious",7,0.48,0,0,good,Cop risk +2,A single bike wheel with a whole-bike problem.
vice_clepto_carlo_sells_microwave_haunted,vice-clepto-carlo,microwave_haunted,sell_to_shop,npc_offers,,"appliance, junk, broken, cursed",7,0.48,0,0,good,Cop risk +2,A single bike wheel with a whole-bike problem.
vice_clepto_carlo_trades_mace,vice-clepto-carlo,mace,trade,npc_offers,"electronics, junk, mystery","weapon, suspicious, portable",6,0.75,-20,20,unknown,Random scam/cop risk,Trades a bad box for something easier to fence.
vice_clepto_carlo_trades_forty_oz_malt_liquor,vice-clepto-carlo,forty_oz_malt_liquor,trade,npc_offers,"electronics, junk, mystery","vice, consumable, junk",6,0.75,-20,20,unknown,Random scam/cop risk,Trades a bad box for something easier to fence.
vice_clepto_carlo_trades_nitrous_oxide_whippet_canisters,vice-clepto-carlo,nitrous_oxide_whippet_canisters,trade,npc_offers,"electronics, junk, mystery","vice, consumable, suspicious",6,0.75,-20,20,unknown,Random scam/cop risk,Trades a bad box for something easier to fence.
vice_clepto_carlo_trades_gas_station_speed,vice-clepto-carlo,gas_station_speed,trade,npc_offers,"electronics, junk, mystery","vice, consumable, suspicious",6,0.75,-20,20,unknown,Random scam/cop risk,Trades a bad box for something easier to fence.
vice_clepto_carlo_trades_cigarettes,vice-clepto-carlo,cigarettes,trade,npc_offers,"electronics, junk, mystery","vice, consumable, junk, portable",6,0.75,-20,20,unknown,Random scam/cop risk,Trades a bad box for something easier to fence.
vice_clepto_carlo_trades_baton,vice-clepto-carlo,baton,trade,npc_offers,"electronics, junk, mystery","weapon, suspicious, practical",6,0.75,-20,20,unknown,Random scam/cop risk,Trades a bad box for something easier to fence.
vice_clepto_carlo_trades_brass_knuckles,vice-clepto-carlo,brass_knuckles,trade,npc_offers,"electronics, junk, mystery","weapon, suspicious, vice, portable",6,0.75,-20,20,unknown,Random scam/cop risk,Trades a bad box for something easier to fence.
vice_clepto_carlo_trades_pistol,vice-clepto-carlo,pistol,trade,npc_offers,"electronics, junk, mystery","weapon, suspicious, hot",6,0.75,-20,20,unknown,Random scam/cop risk,Trades a bad box for something easier to fence.
vice_clepto_carlo_trades_bottle_of_booze,vice-clepto-carlo,bottle_of_booze,trade,npc_offers,"electronics, junk, mystery","vice, consumable",6,0.75,-20,20,unknown,Random scam/cop risk,Trades a bad box for something easier to fence.
vice_addict_arty_buys_mace,vice-addict-arty,mace,buy_from_shop,npc_requests,"weapon, suspicious, portable",,4,0.78,0,0,,Scam risk if oversold,Wants cracked electronics if the price looks injured.
vice_addict_arty_buys_nitrous_oxide_whippet_canisters,vice-addict-arty,nitrous_oxide_whippet_canisters,buy_from_shop,npc_requests,"vice, consumable, suspicious",,4,0.78,0,0,,Scam risk if oversold,Wants cracked electronics if the price looks injured.
vice_addict_arty_buys_baton,vice-addict-arty,baton,buy_from_shop,npc_requests,"weapon, suspicious, practical",,4,0.78,0,0,,Scam risk if oversold,Wants cracked electronics if the price looks injured.
vice_addict_arty_buys_brass_knuckles,vice-addict-arty,brass_knuckles,buy_from_shop,npc_requests,"weapon, suspicious, vice, portable",,4,0.78,0,0,,Scam risk if oversold,Wants cracked electronics if the price looks injured.
vice_addict_arty_buys_pistol,vice-addict-arty,pistol,buy_from_shop,npc_requests,"weapon, suspicious, hot",,4,0.78,0,0,,Scam risk if oversold,Wants cracked electronics if the price looks injured.
vice_addict_arty_buys_bottle_of_booze,vice-addict-arty,bottle_of_booze,buy_from_shop,npc_requests,"vice, consumable",,4,0.78,0,0,,Scam risk if oversold,Wants cracked electronics if the price looks injured.
vice_addict_arty_sells_microwave_haunted,vice-addict-arty,microwave_haunted,sell_to_shop,npc_offers,,"appliance, junk, broken, cursed",7,0.62,0,0,unknown,Random scam/cop risk,The box has a rattle and a bad alibi.
vice_addict_arty_sells_fake_gold_chain,vice-addict-arty,fake_gold_chain,sell_to_shop,npc_offers,,"jewelry, fake, suspicious",7,0.62,0,0,unknown,Random scam/cop risk,The box has a rattle and a bad alibi.
vice_addict_arty_sells_suspicious_gold_watch,vice-addict-arty,suspicious_gold_watch,sell_to_shop,npc_offers,,"watch, possibly_fake, luxury, suspicious",7,0.62,0,0,unknown,Random scam/cop risk,The box has a rattle and a bad alibi.
vice_addict_arty_sells_old_gaming_pc,vice-addict-arty,old_gaming_pc,sell_to_shop,npc_offers,,"computer, electronics, repairable",7,0.62,0,0,unknown,Random scam/cop risk,The box has a rattle and a bad alibi.
vice_addict_arty_sells_hospital_vcr,vice-addict-arty,hospital_vcr,sell_to_shop,npc_offers,,"electronics, hot, suspicious",7,0.62,0,0,unknown,Random scam/cop risk,The box has a rattle and a bad alibi.
vice_addict_arty_sells_cracked_tablet,vice-addict-arty,cracked_tablet,sell_to_shop,npc_offers,,"electronics, broken",7,0.62,0,0,unknown,Random scam/cop risk,The box has a rattle and a bad alibi.
vice_addict_arty_sells_cordless_drill,vice-addict-arty,cordless_drill,sell_to_shop,npc_offers,,"tool, repairable",7,0.62,0,0,unknown,Random scam/cop risk,The box has a rattle and a bad alibi.
vice_addict_arty_sells_bolt_cutters,vice-addict-arty,bolt_cutters,sell_to_shop,npc_offers,,"tool, suspicious",7,0.62,0,0,unknown,Random scam/cop risk,The box has a rattle and a bad alibi.
vice_addict_arty_sells_pawn_shop_guitar,vice-addict-arty,pawn_shop_guitar,sell_to_shop,npc_offers,,"instrument, repairable",7,0.62,0,0,unknown,Random scam/cop risk,The box has a rattle and a bad alibi.
vice_addict_arty_sells_gold_ring_engravings,vice-addict-arty,gold_ring_engravings,sell_to_shop,npc_offers,,"jewelry, luxury, suspicious",7,0.62,0,0,unknown,Random scam/cop risk,The box has a rattle and a bad alibi.
vice_addict_arty_sells_baseball_card_box,vice-addict-arty,baseball_card_box,sell_to_shop,npc_offers,,"collectible, mystery",7,0.62,0,0,unknown,Random scam/cop risk,The box has a rattle and a bad alibi.
vice_addict_arty_sells_rare_action_figure,vice-addict-arty,rare_action_figure,sell_to_shop,npc_offers,,"collectible, rare, broken",7,0.62,0,0,unknown,Random scam/cop risk,The box has a rattle and a bad alibi.
vice_addict_arty_sells_pocket_knife,vice-addict-arty,pocket_knife,sell_to_shop,npc_offers,,weapon,7,0.62,0,0,unknown,Random scam/cop risk,The box has a rattle and a bad alibi.
vice_addict_arty_sells_rusty_revolver_prop,vice-addict-arty,rusty_revolver_prop,sell_to_shop,npc_offers,,"weapon, suspicious, hot",7,0.62,0,0,unknown,Random scam/cop risk,The box has a rattle and a bad alibi.
vice_addict_arty_sells_luxury_handbag_fake,vice-addict-arty,luxury_handbag_fake,sell_to_shop,npc_offers,,"luxury, possibly_fake",7,0.62,0,0,unknown,Random scam/cop risk,The box has a rattle and a bad alibi.
vice_addict_arty_sells_stolen_bike_wheel,vice-addict-arty,stolen_bike_wheel,sell_to_shop,npc_offers,,"tool, stolen, hot, suspicious",7,0.62,0,0,unknown,Random scam/cop risk,The box has a rattle and a bad alibi.
vice_addict_arty_sells_dvd_stack,vice-addict-arty,dvd_stack,sell_to_shop,npc_offers,,"collectible, junk",7,0.62,0,0,unknown,Random scam/cop risk,The box has a rattle and a bad alibi.
vice_addict_arty_sells_smart_watch_locked,vice-addict-arty,smart_watch_locked,sell_to_shop,npc_offers,,"watch, electronics, suspicious",7,0.62,0,0,unknown,Random scam/cop risk,The box has a rattle and a bad alibi.
vice_addict_arty_sells_silverware_bundle,vice-addict-arty,silverware_bundle,sell_to_shop,npc_offers,,"jewelry, possibly_fake, suspicious",7,0.62,0,0,unknown,Random scam/cop risk,The box has a rattle and a bad alibi.
vice_addict_arty_sells_countertop_blender,vice-addict-arty,countertop_blender,sell_to_shop,npc_offers,,"appliance, practical",7,0.62,0,0,unknown,Random scam/cop risk,The box has a rattle and a bad alibi.
vice_addict_arty_sells_air_fryer,vice-addict-arty,air_fryer,sell_to_shop,npc_offers,,"appliance, practical",7,0.62,0,0,unknown,Random scam/cop risk,The box has a rattle and a bad alibi.
vice_addict_arty_sells_shop_vac,vice-addict-arty,shop_vac,sell_to_shop,npc_offers,,"appliance, practical, repairable",7,0.62,0,0,unknown,Random scam/cop risk,The box has a rattle and a bad alibi.
vice_addict_arty_sells_flat_screen_tv,vice-addict-arty,flat_screen_tv,sell_to_shop,npc_offers,,"electronics, practical",7,0.62,0,0,unknown,Random scam/cop risk,The box has a rattle and a bad alibi.
vice_addict_arty_sells_bluetooth_speaker,vice-addict-arty,bluetooth_speaker,sell_to_shop,npc_offers,,"electronics, portable",7,0.62,0,0,unknown,Random scam/cop risk,The box has a rattle and a bad alibi.
vice_addict_arty_sells_game_console,vice-addict-arty,game_console,sell_to_shop,npc_offers,,"console, electronics, popular",7,0.62,0,0,unknown,Random scam/cop risk,The box has a rattle and a bad alibi.
vice_addict_arty_sells_handheld_console,vice-addict-arty,handheld_console,sell_to_shop,npc_offers,,"console, electronics, portable, collectible",7,0.62,0,0,unknown,Random scam/cop risk,The box has a rattle and a bad alibi.
vice_addict_arty_sells_used_smartphone,vice-addict-arty,used_smartphone,sell_to_shop,npc_offers,,"electronics, portable",7,0.62,0,0,unknown,Random scam/cop risk,The box has a rattle and a bad alibi.
vice_addict_arty_sells_budget_laptop,vice-addict-arty,budget_laptop,sell_to_shop,npc_offers,,"computer, electronics, practical",7,0.62,0,0,unknown,Random scam/cop risk,The box has a rattle and a bad alibi.
vice_addict_arty_sells_mirrorless_camera,vice-addict-arty,mirrorless_camera,sell_to_shop,npc_offers,,"electronics, luxury",7,0.62,0,0,unknown,Random scam/cop risk,The box has a rattle and a bad alibi.
vice_addict_arty_sells_circular_saw,vice-addict-arty,circular_saw,sell_to_shop,npc_offers,,"tool, repairable, practical",7,0.62,0,0,unknown,Random scam/cop risk,The box has a rattle and a bad alibi.
vice_addict_arty_sells_socket_set,vice-addict-arty,socket_set,sell_to_shop,npc_offers,,"tool, practical",7,0.62,0,0,unknown,Random scam/cop risk,The box has a rattle and a bad alibi.
vice_addict_arty_sells_pressure_washer,vice-addict-arty,pressure_washer,sell_to_shop,npc_offers,,"tool, practical, repairable",7,0.62,0,0,unknown,Random scam/cop risk,The box has a rattle and a bad alibi.
vice_addict_arty_sells_electric_guitar,vice-addict-arty,electric_guitar,sell_to_shop,npc_offers,,"instrument, collectible",7,0.62,0,0,unknown,Random scam/cop risk,The box has a rattle and a bad alibi.
vice_addict_arty_sells_student_saxophone,vice-addict-arty,student_saxophone,sell_to_shop,npc_offers,,"instrument, collectible, repairable",7,0.62,0,0,unknown,Random scam/cop risk,The box has a rattle and a bad alibi.
vice_addict_arty_sells_dj_turntable,vice-addict-arty,dj_turntable,sell_to_shop,npc_offers,,"electronics, collectible",7,0.62,0,0,unknown,Random scam/cop risk,The box has a rattle and a bad alibi.
vice_addict_arty_sells_diamond_stud_earrings,vice-addict-arty,diamond_stud_earrings,sell_to_shop,npc_offers,,"jewelry, luxury",7,0.62,0,0,unknown,Random scam/cop risk,The box has a rattle and a bad alibi.
vice_addict_arty_sells_gold_bracelet,vice-addict-arty,gold_bracelet,sell_to_shop,npc_offers,,"jewelry, luxury",7,0.62,0,0,unknown,Random scam/cop risk,The box has a rattle and a bad alibi.
vice_addict_arty_sells_designer_sunglasses,vice-addict-arty,designer_sunglasses,sell_to_shop,npc_offers,,"luxury, portable",7,0.62,0,0,unknown,Random scam/cop risk,The box has a rattle and a bad alibi.
vice_addict_arty_sells_automatic_watch,vice-addict-arty,automatic_watch,sell_to_shop,npc_offers,,"watch, luxury, collectible",7,0.62,0,0,unknown,Random scam/cop risk,The box has a rattle and a bad alibi.
vice_addict_arty_sells_mace,vice-addict-arty,mace,sell_to_shop,npc_offers,,"weapon, suspicious, portable",7,0.62,0,0,unknown,Random scam/cop risk,The box has a rattle and a bad alibi.
vice_addict_arty_sells_baton,vice-addict-arty,baton,sell_to_shop,npc_offers,,"weapon, suspicious, practical",7,0.62,0,0,unknown,Random scam/cop risk,The box has a rattle and a bad alibi.
vice_addict_arty_sells_brass_knuckles,vice-addict-arty,brass_knuckles,sell_to_shop,npc_offers,,"weapon, suspicious, vice, portable",7,0.62,0,0,unknown,Random scam/cop risk,The box has a rattle and a bad alibi.
vice_addict_arty_sells_pistol,vice-addict-arty,pistol,sell_to_shop,npc_offers,,"weapon, suspicious, hot",7,0.62,0,0,unknown,Random scam/cop risk,The box has a rattle and a bad alibi.
vice_addict_arty_trades_mace,vice-addict-arty,mace,trade,npc_offers,"electronics, junk, mystery","weapon, suspicious, portable",5,0.68,-18,22,questionable,Cop risk +1; scam risk +1,Trades a locked watch for something with fewer questions.
vice_addict_arty_trades_forty_oz_malt_liquor,vice-addict-arty,forty_oz_malt_liquor,trade,npc_offers,"electronics, junk, mystery","vice, consumable, junk",5,0.68,-18,22,questionable,Cop risk +1; scam risk +1,Trades a locked watch for something with fewer questions.
vice_addict_arty_trades_nitrous_oxide_whippet_canisters,vice-addict-arty,nitrous_oxide_whippet_canisters,trade,npc_offers,"electronics, junk, mystery","vice, consumable, suspicious",5,0.68,-18,22,questionable,Cop risk +1; scam risk +1,Trades a locked watch for something with fewer questions.
vice_addict_arty_trades_gas_station_speed,vice-addict-arty,gas_station_speed,trade,npc_offers,"electronics, junk, mystery","vice, consumable, suspicious",5,0.68,-18,22,questionable,Cop risk +1; scam risk +1,Trades a locked watch for something with fewer questions.
vice_addict_arty_trades_cigarettes,vice-addict-arty,cigarettes,trade,npc_offers,"electronics, junk, mystery","vice, consumable, junk, portable",5,0.68,-18,22,questionable,Cop risk +1; scam risk +1,Trades a locked watch for something with fewer questions.
vice_addict_arty_trades_baton,vice-addict-arty,baton,trade,npc_offers,"electronics, junk, mystery","weapon, suspicious, practical",5,0.68,-18,22,questionable,Cop risk +1; scam risk +1,Trades a locked watch for something with fewer questions.
vice_addict_arty_trades_brass_knuckles,vice-addict-arty,brass_knuckles,trade,npc_offers,"electronics, junk, mystery","weapon, suspicious, vice, portable",5,0.68,-18,22,questionable,Cop risk +1; scam risk +1,Trades a locked watch for something with fewer questions.
vice_addict_arty_trades_pistol,vice-addict-arty,pistol,trade,npc_offers,"electronics, junk, mystery","weapon, suspicious, hot",5,0.68,-18,22,questionable,Cop risk +1; scam risk +1,Trades a locked watch for something with fewer questions.
vice_addict_arty_trades_bottle_of_booze,vice-addict-arty,bottle_of_booze,trade,npc_offers,"electronics, junk, mystery","vice, consumable",5,0.68,-18,22,questionable,Cop risk +1; scam risk +1,Trades a locked watch for something with fewer questions.
money_penny_buys_fake_gold_chain,money-penny,fake_gold_chain,buy_from_shop,npc_requests,"jewelry, fake, suspicious",,5,1.2,0,0,,Cop/thug risk if suspicious,He does not ask whether it works. That is worse.
money_penny_buys_suspicious_gold_watch,money-penny,suspicious_gold_watch,buy_from_shop,npc_requests,"watch, possibly_fake, luxury, suspicious",,5,1.2,0,0,,Cop/thug risk if suspicious,He does not ask whether it works. That is worse.
money_penny_buys_luxury_handbag_fake,money-penny,luxury_handbag_fake,buy_from_shop,npc_requests,"luxury, possibly_fake",,5,1.2,0,0,,Cop/thug risk if suspicious,He does not ask whether it works. That is worse.
money_penny_buys_used_smartphone,money-penny,used_smartphone,buy_from_shop,npc_requests,"electronics, portable",,5,1.2,0,0,,Cop/thug risk if suspicious,He does not ask whether it works. That is worse.
money_penny_buys_mirrorless_camera,money-penny,mirrorless_camera,buy_from_shop,npc_requests,"electronics, luxury",,5,1.2,0,0,,Cop/thug risk if suspicious,He does not ask whether it works. That is worse.
money_penny_buys_automatic_watch,money-penny,automatic_watch,buy_from_shop,npc_requests,"watch, luxury, collectible",,5,1.2,0,0,,Cop/thug risk if suspicious,He does not ask whether it works. That is worse.
money_penny_buys_designer_sunglasses,money-penny,designer_sunglasses,buy_from_shop,npc_requests,"luxury, portable",,5,1.2,0,0,,Cop/thug risk if suspicious,He does not ask whether it works. That is worse.
money_penny_buys_gold_bracelet,money-penny,gold_bracelet,buy_from_shop,npc_requests,"jewelry, luxury",,5,1.2,0,0,,Cop/thug risk if suspicious,He does not ask whether it works. That is worse.
money_penny_buys_diamond_stud_earrings,money-penny,diamond_stud_earrings,buy_from_shop,npc_requests,"jewelry, luxury",,5,1.2,0,0,,Cop/thug risk if suspicious,He does not ask whether it works. That is worse.
money_penny_sells_automatic_watch,money-penny,automatic_watch,sell_to_shop,npc_offers,,"watch, luxury, collectible",8,0.4,0,0,,Scam risk +1,Cheap fake jewelry with confidence problems.
money_penny_sells_designer_sunglasses,money-penny,designer_sunglasses,sell_to_shop,npc_offers,,"luxury, portable",8,0.4,0,0,,Scam risk +1,Cheap fake jewelry with confidence problems.
money_penny_sells_gold_bracelet,money-penny,gold_bracelet,sell_to_shop,npc_offers,,"jewelry, luxury",8,0.4,0,0,,Scam risk +1,Cheap fake jewelry with confidence problems.
money_penny_sells_diamond_stud_earrings,money-penny,diamond_stud_earrings,sell_to_shop,npc_offers,,"jewelry, luxury",8,0.4,0,0,,Scam risk +1,Cheap fake jewelry with confidence problems.
money_penny_sells_mirrorless_camera,money-penny,mirrorless_camera,sell_to_shop,npc_offers,,"electronics, luxury",8,0.4,0,0,,Scam risk +1,Cheap fake jewelry with confidence problems.
money_penny_sells_used_smartphone,money-penny,used_smartphone,sell_to_shop,npc_offers,,"electronics, portable",8,0.4,0,0,,Scam risk +1,Cheap fake jewelry with confidence problems.
money_penny_sells_suspicious_gold_watch,money-penny,suspicious_gold_watch,sell_to_shop,npc_offers,,"watch, possibly_fake, luxury, suspicious",8,0.4,0,0,,Scam risk +1,Cheap fake jewelry with confidence problems.
money_penny_sells_luxury_handbag_fake,money-penny,luxury_handbag_fake,sell_to_shop,npc_offers,,"luxury, possibly_fake",8,0.4,0,0,,Scam risk +1,Cheap fake jewelry with confidence problems.
